date,unrate,unrate_men,unrate_women,unrate_16_to_17,unrate_18_to_19,unrate_20_to_24,unrate_25_to_34,unrate_35_to_44,unrate_45_to_54,unrate_55_over,year,month,unrate_change,shock
1948-01-01,4.0,4.2,3.5,10.8,9.6,6.6,3.6,2.6,2.7,3.6,1948,1,,0
1948-02-01,4.7,4.7,4.8,15.0,9.5,8.0,4.0,3.2,3.4,4.0,1948,2,0.7000000000000002,0
1948-03-01,4.5,4.5,4.4,13.2,9.3,8.6,3.5,3.2,2.9,3.5,1948,3,-0.20000000000000018,0
1948-04-01,4.0,4.0,4.1,9.9,8.1,6.8,3.5,3.1,2.9,3.2,1948,4,-0.5,0
1948-05-01,3.4,3.3,3.4,6.4,7.2,6.3,2.8,2.5,2.3,2.9,1948,5,-0.6000000000000001,0
1948-06-01,3.9,3.4,5.0,17.7,9.8,6.3,2.7,2.2,2.3,2.6,1948,6,0.5,0
1948-07-01,3.9,3.5,4.8,12.2,10.1,6.4,3.0,2.5,2.4,2.7,1948,7,0.0,0
1948-08-01,3.6,3.3,4.5,7.1,8.9,5.2,3.5,2.6,2.6,2.8,1948,8,-0.2999999999999998,0
1948-09-01,3.4,3.1,4.0,7.6,7.6,4.9,3.1,2.4,2.8,2.6,1948,9,-0.20000000000000018,0
1948-10-01,2.9,2.6,3.4,5.7,6.3,4.6,2.6,2.1,2.1,2.6,1948,10,-0.5,0
1948-11-01,3.3,3.1,3.8,6.7,8.4,4.6,3.3,2.2,2.3,3.2,1948,11,0.3999999999999999,0
1948-12-01,3.6,3.6,3.7,6.5,8.0,5.6,2.9,2.5,3.2,3.7,1948,12,0.30000000000000027,0
1949-01-01,5.0,5.2,4.6,10.9,12.1,7.6,4.6,3.7,3.9,4.4,1949,1,1.4,1
1949-02-01,5.8,6.0,5.2,14.1,10.9,9.6,4.9,4.4,4.4,5.4,1949,2,0.7999999999999998,0
1949-03-01,5.6,6.0,4.7,13.2,11.7,8.9,5.0,4.3,4.0,5.2,1949,3,-0.20000000000000018,0
1949-04-01,5.4,5.5,5.3,12.0,12.0,8.1,5.0,4.1,4.2,4.8,1949,4,-0.1999999999999993,0
1949-05-01,5.7,5.8,5.7,13.7,12.7,9.1,5.2,4.2,4.1,5.1,1949,5,0.2999999999999998,0
1949-06-01,6.4,6.2,6.9,21.0,17.6,10.1,5.6,3.8,3.8,4.9,1949,6,0.7000000000000002,0
1949-07-01,7.0,6.8,7.5,16.6,15.5,11.2,6.3,5.0,4.5,5.8,1949,7,0.5999999999999996,0
1949-08-01,6.3,6.1,6.9,12.6,12.7,10.4,5.7,4.7,4.5,5.3,1949,8,-0.7000000000000002,0
1949-09-01,5.9,5.5,6.7,11.8,13.8,9.2,5.2,4.6,4.0,5.2,1949,9,-0.39999999999999947,0
1949-10-01,6.1,6.2,5.9,12.7,11.1,9.9,6.3,4.8,4.5,4.7,1949,10,0.1999999999999993,0
1949-11-01,5.7,5.5,6.2,11.4,12.4,8.5,5.4,4.6,4.3,4.9,1949,11,-0.39999999999999947,0
1949-12-01,6.0,6.1,5.9,14.5,13.2,8.4,5.6,4.6,4.8,5.2,1949,12,0.2999999999999998,0
1950-01-01,7.6,7.8,7.3,19.9,16.3,11.6,7.2,5.0,6.4,6.6,1950,1,1.5999999999999996,1
1950-02-01,7.9,8.1,7.4,17.5,17.2,12.2,7.1,5.5,6.5,7.0,1950,2,0.3000000000000007,0
1950-03-01,7.1,7.2,6.7,15.2,14.1,10.2,6.8,5.5,5.5,6.4,1950,3,-0.8000000000000007,0
1950-04-01,6.0,6.2,5.3,12.2,10.2,8.4,5.5,4.7,5.0,5.9,1950,4,-1.0999999999999996,0
1950-05-01,5.3,5.2,5.5,15.6,11.4,7.6,5.0,3.9,3.9,4.5,1950,5,-0.7000000000000002,0
1950-06-01,5.6,5.1,6.7,19.7,15.5,8.1,4.6,3.2,3.8,5.0,1950,6,0.2999999999999998,0
1950-07-01,5.3,4.9,6.2,14.7,11.1,7.5,4.9,3.7,3.9,4.1,1950,7,-0.2999999999999998,0
1950-08-01,4.1,3.8,4.8,9.1,8.6,6.0,3.8,3.0,3.3,3.3,1950,8,-1.2000000000000002,0
1950-09-01,4.0,3.5,5.0,10.6,8.8,6.6,3.3,2.9,3.0,3.2,1950,9,-0.09999999999999964,0
1950-10-01,3.3,2.9,4.2,8.4,7.1,4.2,2.7,2.5,2.8,3.3,1950,10,-0.7000000000000002,0
1950-11-01,3.8,3.1,5.2,9.2,7.5,4.9,3.7,2.8,3.0,3.6,1950,11,0.5,0
1950-12-01,3.9,3.6,4.5,12.8,7.6,4.6,3.5,3.0,3.0,4.0,1950,12,0.10000000000000009,0
1951-01-01,4.4,4.1,5.0,11.0,8.8,5.0,3.8,3.7,3.4,4.8,1951,1,0.5000000000000004,0
1951-02-01,4.2,3.9,4.8,10.0,8.8,4.9,3.9,3.1,3.1,4.9,1951,2,-0.20000000000000018,0
1951-03-01,3.8,3.2,5.0,10.0,7.2,4.9,3.7,2.8,2.8,3.8,1951,3,-0.40000000000000036,0
1951-04-01,3.2,2.7,4.3,8.2,6.6,4.1,2.7,2.4,2.8,3.4,1951,4,-0.5999999999999996,0
1951-05-01,2.9,2.3,4.0,7.6,5.7,3.5,2.5,2.2,2.6,2.8,1951,5,-0.30000000000000027,0
1951-06-01,3.4,2.8,4.8,13.9,10.8,4.3,2.5,2.1,2.7,2.8,1951,6,0.5,0
1951-07-01,3.3,2.8,4.3,11.8,7.9,4.3,2.6,2.3,2.5,2.6,1951,7,-0.10000000000000009,0
1951-08-01,2.9,2.4,3.9,8.5,5.2,3.3,2.7,2.3,2.7,2.0,1951,8,-0.3999999999999999,0
1951-09-01,3.0,2.4,4.5,7.5,7.2,3.8,2.9,2.3,2.8,2.3,1951,9,0.10000000000000009,0
1951-10-01,2.8,2.3,3.9,6.1,5.4,3.8,2.5,2.2,2.2,3.0,1951,10,-0.20000000000000018,0
1951-11-01,3.2,2.6,4.5,10.7,6.3,4.1,2.9,2.6,2.4,2.9,1951,11,0.40000000000000036,0
1951-12-01,2.9,2.5,3.7,8.6,5.5,3.4,2.8,2.2,2.5,2.6,1951,12,-0.30000000000000027,0
1952-01-01,3.7,3.5,4.2,11.9,9.7,4.8,3.4,2.8,3.0,3.2,1952,1,0.8000000000000003,0
1952-02-01,3.8,3.7,4.2,12.0,7.9,5.4,3.5,3.2,2.9,3.4,1952,2,0.09999999999999964,0
1952-03-01,3.3,3.2,3.5,9.5,7.4,4.9,2.6,2.5,2.8,3.2,1952,3,-0.5,0
1952-04-01,3.0,2.8,3.5,7.9,6.2,4.6,2.7,2.4,2.3,2.9,1952,4,-0.2999999999999998,0
1952-05-01,2.9,2.5,3.8,11.5,6.6,4.1,2.4,2.0,2.2,2.6,1952,5,-0.10000000000000009,0
1952-06-01,3.2,2.9,4.0,14.0,10.5,4.6,2.2,2.0,2.5,2.3,1952,6,0.30000000000000027,0
1952-07-01,3.3,3.0,4.0,10.9,8.3,4.8,2.7,2.5,2.2,2.6,1952,7,0.09999999999999964,0
1952-08-01,3.1,2.7,3.8,7.6,6.3,4.7,2.7,2.5,2.3,2.5,1952,8,-0.19999999999999973,0
1952-09-01,2.7,2.5,3.3,8.0,7.5,5.0,2.6,1.7,1.9,2.2,1952,9,-0.3999999999999999,0
1952-10-01,2.4,1.9,3.3,7.6,5.4,4.1,2.1,1.9,1.7,1.9,1952,10,-0.30000000000000027,0
1952-11-01,2.5,2.1,3.4,9.0,5.5,3.7,2.4,2.0,1.9,1.9,1952,11,0.10000000000000009,0
1952-12-01,2.5,2.4,2.7,9.3,5.3,4.4,2.1,1.7,1.8,2.2,1952,12,0.0,0
1953-01-01,3.4,3.5,3.3,10.2,5.9,4.6,3.3,2.6,2.9,3.2,1953,1,0.8999999999999999,0
1953-02-01,3.2,3.2,3.2,8.0,7.6,4.4,2.9,2.1,2.6,3.4,1953,2,-0.19999999999999973,0
1953-03-01,2.9,2.8,3.3,7.9,6.0,4.8,2.3,2.4,2.2,3.0,1953,3,-0.30000000000000027,0
1953-04-01,2.8,2.8,2.9,6.9,5.9,4.7,2.4,2.3,2.2,2.6,1953,4,-0.10000000000000009,0
1953-05-01,2.5,2.4,2.6,7.6,5.5,3.5,2.3,1.8,2.2,1.9,1953,5,-0.2999999999999998,0
1953-06-01,2.7,2.5,3.2,10.9,9.9,4.5,2.0,1.6,1.9,1.9,1953,6,0.20000000000000018,0
1953-07-01,2.7,2.5,3.0,9.0,7.0,3.7,2.0,2.1,1.7,2.6,1953,7,0.0,0
1953-08-01,2.4,2.1,2.9,6.4,5.4,4.8,2.0,1.8,1.5,1.9,1953,8,-0.30000000000000027,0
1953-09-01,2.6,2.2,3.4,7.1,5.8,4.4,2.2,1.8,2.3,2.2,1953,9,0.20000000000000018,0
1953-10-01,2.5,2.2,3.1,9.7,5.9,3.6,2.3,2.0,2.0,1.9,1953,10,-0.10000000000000009,0
1953-11-01,3.2,2.9,3.8,8.8,6.7,5.3,3.1,2.3,2.5,2.8,1953,11,0.7000000000000002,0
1953-12-01,4.2,4.1,4.5,11.5,10.1,8.0,3.7,3.1,3.4,3.4,1953,12,1.0,0
1954-01-01,5.7,5.4,6.4,12.8,10.2,10.0,5.1,4.6,4.8,4.6,1954,1,1.5,1
1954-02-01,6.3,6.3,6.3,16.3,13.5,11.1,6.0,4.9,4.9,4.9,1954,2,0.5999999999999996,0
1954-03-01,6.4,6.3,6.5,14.3,11.2,10.6,6.5,4.9,5.0,5.5,1954,3,0.10000000000000053,0
1954-04-01,6.1,5.9,6.3,12.4,10.1,10.2,5.7,4.8,5.3,5.2,1954,4,-0.3000000000000007,0
1954-05-01,5.7,5.5,6.3,13.1,12.9,8.9,5.6,4.7,4.7,4.5,1954,5,-0.39999999999999947,0
1954-06-01,5.7,5.3,6.7,16.7,13.6,9.4,5.1,4.4,4.5,4.2,1954,6,0.0,0
1954-07-01,5.7,5.5,6.4,14.5,11.9,9.1,5.3,4.6,4.1,4.4,1954,7,0.0,0
1954-08-01,5.4,5.1,6.2,12.0,10.4,8.4,5.5,4.4,4.2,3.9,1954,8,-0.2999999999999998,0
1954-09-01,5.3,4.9,6.3,13.1,9.7,9.1,5.3,4.8,3.9,3.6,1954,9,-0.10000000000000053,0
1954-10-01,4.6,4.4,5.0,10.6,6.7,7.4,4.8,3.7,3.5,3.7,1954,10,-0.7000000000000002,0
1954-11-01,4.9,4.5,5.6,10.7,8.9,8.6,4.5,3.8,3.9,4.3,1954,11,0.3000000000000007,0
1954-12-01,4.8,4.9,4.6,13.6,9.5,7.9,4.0,3.9,3.9,4.3,1954,12,-0.10000000000000053,0
1955-01-01,5.8,5.9,5.7,13.0,12.7,9.5,4.9,5.0,4.6,5.7,1955,1,1.0,0
1955-02-01,5.7,5.8,5.3,11.7,13.2,9.0,5.3,4.8,4.2,5.3,1955,2,-0.09999999999999964,0
1955-03-01,5.2,5.4,4.8,10.7,11.4,8.1,5.2,4.4,3.8,4.8,1955,3,-0.5,0
1955-04-01,4.9,5.1,4.7,9.7,9.8,7.5,5.0,4.0,4.2,4.3,1955,4,-0.2999999999999998,0
1955-05-01,4.2,3.9,4.8,12.1,10.7,6.9,3.3,3.4,3.1,3.8,1955,5,-0.7000000000000002,0
1955-06-01,4.4,4.0,5.2,18.7,13.3,7.8,3.1,2.8,3.0,3.7,1955,6,0.20000000000000018,0
1955-07-01,4.0,3.7,4.7,14.3,8.3,7.0,3.1,2.8,2.9,3.5,1955,7,-0.40000000000000036,0
1955-08-01,3.8,3.3,4.9,11.3,7.5,6.1,3.2,2.6,3.0,3.6,1955,8,-0.20000000000000018,0
1955-09-01,3.5,2.9,4.8,9.8,9.5,6.1,3.4,2.5,2.3,3.1,1955,9,-0.2999999999999998,0
1955-10-01,3.4,3.0,4.4,9.6,7.9,5.1,2.9,2.5,2.8,3.5,1955,10,-0.10000000000000009,0
1955-11-01,3.8,3.3,4.9,11.1,9.9,5.3,3.2,2.9,3.2,3.5,1955,11,0.3999999999999999,0
1955-12-01,3.9,3.8,4.3,12.8,7.8,5.9,3.4,2.9,3.3,3.7,1955,12,0.10000000000000009,0
1956-01-01,4.7,4.6,4.9,12.3,10.7,7.4,4.4,3.8,3.5,4.2,1956,1,0.8000000000000003,0
1956-02-01,4.8,4.9,4.6,12.5,12.7,6.8,4.2,3.3,4.5,4.2,1956,2,0.09999999999999964,0
1956-03-01,4.7,4.6,5.1,10.7,11.9,7.9,4.5,3.4,4.2,4.0,1956,3,-0.09999999999999964,0
1956-04-01,4.1,3.9,4.7,10.7,9.5,6.9,3.4,3.1,3.4,3.9,1956,4,-0.6000000000000005,0
1956-05-01,4.2,3.8,5.0,15.1,10.4,6.7,3.6,2.9,3.2,3.6,1956,5,0.10000000000000053,0
1956-06-01,4.7,4.1,6.0,22.3,14.1,7.5,3.8,2.8,2.4,3.4,1956,6,0.5,0
1956-07-01,4.4,3.7,5.9,12.3,11.6,7.1,4.0,3.2,2.9,3.3,1956,7,-0.2999999999999998,0
1956-08-01,3.7,3.1,4.8,8.0,8.3,6.1,3.3,3.0,2.7,2.8,1956,8,-0.7000000000000002,0
1956-09-01,3.4,2.9,4.4,9.2,7.6,5.3,3.4,2.6,2.6,2.6,1956,9,-0.30000000000000027,0
1956-10-01,3.1,2.7,4.0,9.4,6.9,5.4,2.8,2.3,2.4,2.6,1956,10,-0.2999999999999998,0
1956-11-01,3.9,3.4,4.8,12.6,10.1,5.8,3.4,2.8,3.2,3.3,1956,11,0.7999999999999998,0
1956-12-01,4.0,4.0,4.1,8.8,8.5,7.0,3.5,3.1,3.3,3.5,1956,12,0.10000000000000009,0
1957-01-01,4.9,4.8,5.2,13.3,11.6,8.1,4.4,3.9,4.1,3.9,1957,1,0.9000000000000004,0
1957-02-01,4.7,4.7,4.8,11.1,11.8,8.4,4.2,3.4,3.8,4.1,1957,2,-0.20000000000000018,0
1957-03-01,4.3,4.3,4.3,12.3,10.9,6.7,3.8,3.2,3.4,3.9,1957,3,-0.40000000000000036,0
1957-04-01,4.0,3.9,4.0,10.5,10.2,6.7,3.7,3.1,2.9,3.3,1957,4,-0.2999999999999998,0
1957-05-01,3.9,3.6,4.7,12.3,12.0,6.4,3.7,2.6,2.8,3.4,1957,5,-0.10000000000000009,0
1957-06-01,4.6,4.1,5.6,18.8,16.0,7.8,3.6,2.8,2.8,3.0,1957,6,0.6999999999999997,0
1957-07-01,4.1,3.7,5.1,13.9,11.0,6.2,3.8,2.8,2.7,3.1,1957,7,-0.5,0
1957-08-01,3.7,3.3,4.6,9.6,9.0,6.5,3.5,2.6,2.8,2.8,1957,8,-0.39999999999999947,0
1957-09-01,3.7,3.4,4.4,10.0,9.0,5.8,3.6,3.0,2.9,2.9,1957,9,0.0,0
1957-10-01,3.6,3.5,4.0,9.5,8.0,5.8,3.3,3.0,3.0,2.9,1957,10,-0.10000000000000009,0
1957-11-01,4.6,4.4,5.1,13.7,10.6,8.1,4.1,3.5,3.9,3.6,1957,11,0.9999999999999996,0
1957-12-01,5.0,5.3,4.4,12.6,10.9,8.3,4.8,3.9,4.0,3.9,1957,12,0.40000000000000036,0
1958-01-01,6.8,7.0,6.3,13.4,16.2,11.8,6.9,5.6,5.1,4.9,1958,1,1.7999999999999998,1
1958-02-01,7.7,8.0,7.1,14.7,16.5,13.1,7.9,6.8,5.8,5.6,1958,2,0.9000000000000004,0
1958-03-01,7.7,8.2,6.7,14.5,15.6,13.4,8.1,6.5,5.9,5.9,1958,3,0.0,0
1958-04-01,7.5,7.6,7.3,17.6,15.0,12.9,7.6,6.1,6.1,5.6,1958,4,-0.20000000000000018,0
1958-05-01,7.1,7.1,7.2,19.6,15.3,11.6,7.4,5.7,5.5,4.9,1958,5,-0.40000000000000036,0
1958-06-01,7.6,7.3,8.2,24.3,20.6,12.6,7.3,5.3,5.4,4.6,1958,6,0.5,0
1958-07-01,7.4,7.2,7.8,19.7,17.7,12.2,7.2,5.5,5.3,5.0,1958,7,-0.1999999999999993,0
1958-08-01,6.7,6.5,7.2,11.6,14.1,10.7,6.6,5.4,5.4,5.2,1958,8,-0.7000000000000002,0
1958-09-01,6.0,5.7,6.7,14.7,15.7,9.1,5.8,4.8,4.5,4.6,1958,9,-0.7000000000000002,0
1958-10-01,5.5,5.3,5.9,13.8,12.5,8.8,5.2,4.3,4.3,4.7,1958,10,-0.5,0
1958-11-01,5.6,5.5,5.9,14.7,14.0,8.4,5.4,4.3,4.1,5.0,1958,11,0.09999999999999964,0
1958-12-01,6.0,6.4,5.4,14.8,12.4,9.8,5.8,4.9,4.4,5.4,1958,12,0.40000000000000036,0
1959-01-01,7.0,7.2,6.6,14.4,14.8,11.7,7.1,5.8,5.4,5.7,1959,1,1.0,0
1959-02-01,7.0,7.3,6.4,13.2,14.5,11.9,7.1,5.8,5.4,5.9,1959,2,0.0,0
1959-03-01,6.4,6.5,6.2,14.5,13.7,11.1,6.2,4.9,4.9,5.4,1959,3,-0.5999999999999996,0
1959-04-01,5.2,5.0,5.8,15.7,13.1,7.8,4.6,4.0,4.3,4.5,1959,4,-1.2000000000000002,0
1959-05-01,4.9,4.5,5.7,17.3,13.3,6.7,4.5,3.5,3.7,4.1,1959,5,-0.2999999999999998,0
1959-06-01,5.4,4.8,6.6,21.9,18.7,8.6,4.2,3.5,3.5,3.5,1959,6,0.5,0
1959-07-01,5.2,4.7,6.1,16.4,13.6,7.7,4.2,3.6,3.7,4.0,1959,7,-0.20000000000000018,0
1959-08-01,4.8,4.5,5.6,12.5,13.5,7.0,4.2,3.8,3.7,3.5,1959,8,-0.40000000000000036,0
1959-09-01,4.7,4.3,5.3,12.7,12.7,7.1,4.4,3.6,3.5,3.6,1959,9,-0.09999999999999964,0
1959-10-01,4.7,4.3,5.4,13.1,12.9,6.9,4.3,3.4,3.9,3.7,1959,10,0.0,0
1959-11-01,5.3,5.1,5.7,14.5,13.3,7.8,4.7,4.5,4.2,4.2,1959,11,0.5999999999999996,0
1959-12-01,5.1,5.2,5.1,13.8,13.8,7.8,4.8,3.7,3.9,4.4,1959,12,-0.20000000000000018,0
1960-01-01,6.1,6.1,6.0,16.0,14.4,9.7,5.7,4.8,4.7,5.0,1960,1,1.0,0
1960-02-01,5.7,5.8,5.6,12.9,14.2,9.7,5.4,4.4,4.3,4.7,1960,2,-0.39999999999999947,0
1960-03-01,6.1,6.3,5.8,15.3,16.5,10.1,5.7,4.6,4.7,5.0,1960,3,0.39999999999999947,0
1960-04-01,5.2,5.2,5.3,14.8,12.8,8.5,5.0,3.8,3.9,4.2,1960,4,-0.8999999999999995,0
1960-05-01,4.8,4.6,5.3,18.6,11.8,7.8,4.2,3.6,3.7,3.4,1960,5,-0.40000000000000036,0
1960-06-01,5.8,5.3,6.8,24.1,18.3,8.8,4.7,3.6,3.4,3.6,1960,6,1.0,0
1960-07-01,5.5,5.1,6.2,14.2,14.1,8.6,5.3,3.8,3.7,3.7,1960,7,-0.2999999999999998,0
1960-08-01,5.2,5.0,5.8,12.1,12.6,7.9,5.3,3.9,3.8,3.9,1960,8,-0.2999999999999998,0
1960-09-01,4.7,4.4,5.4,13.6,11.8,7.0,4.9,3.6,3.5,3.3,1960,9,-0.5,0
1960-10-01,5.0,4.7,5.7,13.1,13.5,7.1,4.9,3.9,4.1,3.8,1960,10,0.2999999999999998,0
1960-11-01,5.6,5.3,6.3,13.3,13.8,9.1,5.6,4.5,4.3,4.1,1960,11,0.5999999999999996,0
1960-12-01,6.4,6.6,6.1,14.7,14.8,10.3,6.3,5.1,5.4,4.6,1960,12,0.8000000000000007,0
1961-01-01,7.7,8.0,7.2,18.5,16.7,11.8,7.7,6.3,6.2,5.9,1961,1,1.2999999999999998,1
1961-02-01,8.1,8.3,7.7,17.4,18.4,12.5,8.4,6.7,6.6,6.0,1961,2,0.39999999999999947,0
1961-03-01,7.7,7.9,7.4,17.1,17.7,12.7,7.3,6.4,6.0,6.1,1961,3,-0.39999999999999947,0
1961-04-01,7.0,6.9,7.1,17.7,15.3,12.7,6.2,5.4,5.4,5.7,1961,4,-0.7000000000000002,0
1961-05-01,6.6,6.4,7.1,19.7,15.1,10.2,6.3,5.2,5.2,5.1,1961,5,-0.40000000000000036,0
1961-06-01,7.3,6.6,8.8,26.5,21.5,11.3,5.9,5.0,4.8,4.9,1961,6,0.7000000000000002,0
1961-07-01,6.9,6.2,8.2,19.6,15.7,10.5,6.1,4.8,5.0,5.4,1961,7,-0.39999999999999947,0
1961-08-01,6.2,5.8,7.1,13.7,13.8,9.2,5.8,5.0,4.2,5.2,1961,8,-0.7000000000000002,0
1961-09-01,5.8,5.1,7.1,16.3,15.4,8.3,5.2,4.4,4.1,4.9,1961,9,-0.40000000000000036,0
1961-10-01,5.5,4.9,6.6,15.1,13.7,8.4,5.1,4.2,3.8,4.5,1961,10,-0.2999999999999998,0
1961-11-01,5.6,5.2,6.5,18.0,13.2,8.2,5.4,4.2,4.1,4.6,1961,11,0.09999999999999964,0
1961-12-01,5.8,5.9,5.5,15.7,12.5,9.2,5.2,4.6,4.4,5.0,1961,12,0.20000000000000018,0
1962-01-01,6.7,6.6,7.0,16.2,16.0,10.8,6.6,5.4,4.9,5.4,1962,1,0.9000000000000004,0
1962-02-01,6.5,6.5,6.4,17.1,15.8,10.0,6.0,5.3,5.2,4.9,1962,2,-0.20000000000000018,0
1962-03-01,6.2,6.2,6.2,16.4,14.5,10.5,5.9,4.9,4.8,4.6,1962,3,-0.2999999999999998,0
1962-04-01,5.5,5.4,5.9,16.0,14.4,8.3,5.1,4.5,4.4,4.0,1962,4,-0.7000000000000002,0
1962-05-01,5.1,4.8,5.7,19.6,12.7,7.8,4.6,3.5,3.9,3.8,1962,5,-0.40000000000000036,0
1962-06-01,5.9,5.3,6.9,25.8,15.6,9.1,4.5,4.0,3.6,3.7,1962,6,0.8000000000000007,0
1962-07-01,5.3,4.8,6.5,15.5,12.8,9.1,4.6,3.9,3.5,3.6,1962,7,-0.6000000000000005,0
1962-08-01,5.3,4.8,6.5,11.0,11.4,9.8,5.0,4.1,3.5,4.1,1962,8,0.0,0
1962-09-01,4.9,4.2,6.1,11.7,13.0,8.2,4.6,3.5,3.5,3.9,1962,9,-0.39999999999999947,0
1962-10-01,4.5,4.0,5.7,12.1,12.1,7.8,4.2,3.3,2.8,4.0,1962,10,-0.40000000000000036,0
1962-11-01,5.3,4.8,6.2,16.8,14.5,8.2,4.5,3.8,3.7,4.6,1962,11,0.7999999999999998,0
1962-12-01,5.3,5.4,5.3,14.2,11.8,8.4,5.2,3.7,4.3,4.6,1962,12,0.0,0
1963-01-01,6.6,6.6,6.7,15.0,16.1,10.2,6.7,5.1,5.4,5.1,1963,1,1.2999999999999998,1
1963-02-01,6.9,7.0,6.7,19.5,16.7,10.1,7.2,5.6,4.8,5.5,1963,2,0.3000000000000007,0
1963-03-01,6.3,6.4,6.1,19.7,15.6,9.7,6.1,4.9,4.6,4.7,1963,3,-0.6000000000000005,0
1963-04-01,5.6,5.5,5.9,20.1,14.9,8.6,5.0,4.1,4.2,4.3,1963,4,-0.7000000000000002,0
1963-05-01,5.5,5.0,6.4,25.1,17.3,7.7,4.8,3.4,3.9,3.8,1963,5,-0.09999999999999964,0
1963-06-01,6.2,5.3,7.9,29.9,20.4,9.6,4.5,3.5,3.3,3.8,1963,6,0.7000000000000002,0
1963-07-01,5.6,4.9,7.0,20.2,16.3,8.8,4.5,3.6,3.5,3.5,1963,7,-0.6000000000000005,0
1963-08-01,5.2,4.5,6.5,12.6,12.6,8.6,4.9,3.6,3.6,3.5,1963,8,-0.39999999999999947,0
1963-09-01,4.8,4.0,6.4,15.6,14.9,8.2,4.6,3.0,3.3,3.3,1963,9,-0.40000000000000036,0
1963-10-01,4.7,3.9,6.1,15.4,13.8,8.2,4.2,3.3,3.0,3.4,1963,10,-0.09999999999999964,0
1963-11-01,5.3,4.7,6.5,18.8,15.4,8.1,5.1,4.0,3.2,4.0,1963,11,0.5999999999999996,0
1963-12-01,5.3,5.2,5.4,17.0,12.8,8.1,5.1,4.1,3.3,4.3,1963,12,0.0,0
1964-01-01,6.4,6.1,6.8,17.2,16.1,10.5,6.0,4.7,4.7,4.9,1964,1,1.1000000000000005,1
1964-02-01,6.2,5.9,6.8,16.5,15.0,10.4,5.7,4.9,4.3,5.2,1964,2,-0.20000000000000018,0
1964-03-01,5.9,5.6,6.4,18.3,14.9,9.5,5.1,4.4,4.2,4.6,1964,3,-0.2999999999999998,0
1964-04-01,5.3,4.8,6.1,20.0,15.3,8.1,4.2,3.9,3.8,4.0,1964,4,-0.6000000000000005,0
1964-05-01,4.8,4.2,6.0,22.2,15.3,7.6,3.6,3.0,3.1,3.3,1964,5,-0.5,0
1964-06-01,5.9,5.1,7.6,28.1,20.2,9.3,4.1,3.0,3.2,3.3,1964,6,1.1000000000000005,1
1964-07-01,4.9,4.2,6.3,15.9,13.5,7.9,3.8,3.1,3.3,3.2,1964,7,-1.0,0
1964-08-01,4.8,4.1,6.2,12.8,12.9,7.8,4.0,3.2,3.2,3.5,1964,8,-0.10000000000000053,0
1964-09-01,4.5,3.7,5.9,13.3,13.9,7.3,3.8,3.1,2.8,3.5,1964,9,-0.2999999999999998,0
1964-10-01,4.4,3.6,5.7,13.7,13.1,7.5,3.5,3.1,2.9,3.2,1964,10,-0.09999999999999964,0
1964-11-01,4.5,3.8,5.8,15.5,14.5,7.0,3.8,3.4,3.0,3.1,1964,11,0.09999999999999964,0
1964-12-01,4.7,4.4,5.1,16.6,13.8,6.9,4.3,3.5,3.1,3.1,1964,12,0.20000000000000018,0
1965-01-01,5.5,5.2,5.9,17.6,15.6,8.5,5.1,4.3,3.7,3.7,1965,1,0.7999999999999998,0
1965-02-01,5.7,5.3,6.5,17.0,15.5,8.6,5.5,4.5,3.9,4.3,1965,2,0.20000000000000018,0
1965-03-01,5.1,4.7,5.6,16.8,14.3,7.8,4.5,3.8,3.5,3.8,1965,3,-0.6000000000000005,0
1965-04-01,4.7,4.3,5.6,18.3,15.5,7.0,3.8,3.5,2.7,3.6,1965,4,-0.39999999999999947,0
1965-05-01,4.3,3.8,5.2,20.2,14.5,6.5,3.1,3.1,2.6,2.6,1965,5,-0.40000000000000036,0
1965-06-01,5.3,4.4,7.1,25.1,20.1,8.1,3.1,3.1,2.5,3.0,1965,6,1.0,0
1965-07-01,4.5,3.9,5.7,16.4,12.9,6.4,3.5,2.7,2.6,2.8,1965,7,-0.7999999999999998,0
1965-08-01,4.2,3.5,5.4,11.1,10.2,6.3,3.4,3.1,2.7,3.1,1965,8,-0.2999999999999998,0
1965-09-01,3.8,3.1,5.2,13.8,12.1,5.3,3.4,2.8,2.3,2.5,1965,9,-0.40000000000000036,0
1965-10-01,3.6,3.0,4.8,12.6,11.9,5.2,2.9,2.7,2.2,2.5,1965,10,-0.19999999999999973,0
1965-11-01,3.9,3.1,5.3,15.0,11.0,5.9,2.9,2.8,2.4,3.0,1965,11,0.2999999999999998,0
1965-12-01,3.7,3.5,4.2,14.1,10.1,5.2,3.2,2.7,2.4,2.8,1965,12,-0.19999999999999973,0
1966-01-01,4.4,4.1,5.0,13.6,12.1,6.2,4.2,3.3,2.8,3.3,1966,1,0.7000000000000002,0
1966-02-01,4.2,3.9,4.7,12.7,11.0,5.8,3.7,3.2,2.9,3.5,1966,2,-0.20000000000000018,0
1966-03-01,4.0,3.8,4.5,16.1,10.5,5.8,3.7,2.7,2.6,3.1,1966,3,-0.20000000000000018,0
1966-04-01,3.6,3.1,4.6,16.1,11.7,5.0,3.0,2.5,2.2,2.6,1966,4,-0.3999999999999999,0
1966-05-01,3.7,3.0,5.0,21.1,12.1,5.0,2.7,2.0,2.1,2.5,1966,5,0.10000000000000009,0
1966-06-01,4.6,3.7,6.4,23.3,16.6,6.4,2.8,2.2,2.1,2.2,1966,6,0.8999999999999995,0
1966-07-01,3.9,3.2,5.2,14.8,11.7,4.6,3.1,2.3,2.2,2.5,1966,7,-0.6999999999999997,0
1966-08-01,3.6,2.8,5.1,9.8,9.1,5.4,3.1,2.6,2.2,2.5,1966,8,-0.2999999999999998,0
1966-09-01,3.3,2.5,4.6,12.0,10.6,4.9,2.8,2.3,2.0,2.2,1966,9,-0.30000000000000027,0
1966-10-01,3.2,2.4,4.7,11.6,10.1,4.8,2.5,2.4,2.0,2.2,1966,10,-0.09999999999999964,0
1966-11-01,3.4,2.7,4.5,12.6,10.5,4.7,2.4,2.6,2.1,2.4,1966,11,0.19999999999999973,0
1966-12-01,3.5,3.2,4.0,12.2,9.4,5.1,2.7,2.4,2.5,2.6,1966,12,0.10000000000000009,0
1967-01-01,4.2,3.6,5.3,13.3,10.6,6.4,3.7,2.9,2.8,3.4,1967,1,0.7000000000000002,0
1967-02-01,4.2,3.6,5.2,15.9,11.5,5.8,3.8,3.0,3.0,2.7,1967,2,0.0,0
1967-03-01,3.9,3.4,4.8,13.4,9.9,5.8,3.3,2.9,2.8,2.9,1967,3,-0.30000000000000027,0
1967-04-01,3.5,3.0,4.4,12.7,9.3,4.9,2.9,2.6,2.3,2.6,1967,4,-0.3999999999999999,0
1967-05-01,3.2,2.7,4.2,11.7,9.4,4.7,2.8,2.1,2.2,2.4,1967,5,-0.2999999999999998,0
1967-06-01,4.6,3.6,6.3,20.4,16.2,6.7,3.0,2.4,2.5,2.0,1967,6,1.3999999999999995,1
1967-07-01,4.1,3.2,5.7,15.7,12.2,6.0,3.2,2.3,2.2,2.1,1967,7,-0.5,0
1967-08-01,3.7,2.8,5.3,11.3,10.7,5.4,3.1,2.4,2.1,2.4,1967,8,-0.39999999999999947,0
1967-09-01,3.7,2.5,5.9,14.0,11.9,6.3,3.3,2.5,2.1,2.1,1967,9,0.0,0
1967-10-01,3.8,2.7,5.6,14.3,12.9,5.8,3.2,2.6,2.2,2.2,1967,10,0.09999999999999964,0
1967-11-01,3.7,2.9,5.1,16.5,12.3,5.2,3.0,2.3,2.2,2.4,1967,11,-0.09999999999999964,0
1967-12-01,3.5,3.0,4.3,14.3,10.2,5.1,3.0,2.3,2.0,2.5,1967,12,-0.20000000000000018,0
1968-01-01,4.0,3.5,4.9,13.5,10.8,6.5,3.4,3.1,2.5,3.0,1968,1,0.5,0
1968-02-01,4.2,3.7,5.1,15.5,11.7,7.2,3.7,3.0,2.4,2.8,1968,2,0.20000000000000018,0
1968-03-01,3.8,3.3,4.6,15.0,10.6,6.3,3.1,2.7,2.1,2.6,1968,3,-0.40000000000000036,0
1968-04-01,3.2,2.6,4.2,12.2,9.3,5.0,2.6,2.3,2.2,2.0,1968,4,-0.5999999999999996,0
1968-05-01,2.9,2.3,4.0,12.2,8.7,4.9,2.5,1.8,1.6,1.9,1968,5,-0.30000000000000027,0
1968-06-01,4.5,3.5,6.2,22.2,16.8,7.6,2.6,1.9,1.6,2.1,1968,6,1.6,1
1968-07-01,4.0,3.0,5.7,17.0,12.5,5.4,3.0,2.0,1.8,2.1,1968,7,-0.5,0
1968-08-01,3.5,2.6,5.0,10.1,9.7,6.0,2.9,2.1,1.8,1.9,1968,8,-0.5,0
1968-09-01,3.3,2.3,5.0,13.1,11.2,5.6,2.6,2.1,1.9,1.8,1968,9,-0.20000000000000018,0
1968-10-01,3.2,2.4,4.5,12.8,10.8,5.6,2.6,1.9,1.7,1.9,1968,10,-0.09999999999999964,0
1968-11-01,3.3,2.5,4.5,14.7,10.9,5.3,2.4,2.0,1.7,2.1,1968,11,0.09999999999999964,0
1968-12-01,3.1,2.6,3.8,14.4,9.7,4.6,2.5,1.7,1.7,2.0,1968,12,-0.19999999999999973,0
1969-01-01,3.7,3.2,4.5,13.1,11.3,6.0,3.1,2.4,2.4,2.3,1969,1,0.6000000000000001,0
1969-02-01,3.7,3.1,4.6,13.3,11.5,6.3,3.0,2.5,2.1,2.4,1969,2,0.0,0
1969-03-01,3.5,3.0,4.3,14.1,10.7,5.7,2.8,2.2,2.0,2.1,1969,3,-0.20000000000000018,0
1969-04-01,3.2,2.5,4.3,12.6,9.5,5.1,2.6,2.1,1.9,2.0,1969,4,-0.2999999999999998,0
1969-05-01,2.9,2.2,4.0,11.6,9.0,4.8,2.3,2.0,1.8,1.5,1969,5,-0.30000000000000027,0
1969-06-01,4.1,3.1,5.9,19.9,14.5,6.5,2.7,2.0,1.6,1.8,1969,6,1.1999999999999997,1
1969-07-01,3.8,3.1,5.1,16.3,11.1,5.7,2.7,2.1,1.8,1.9,1969,7,-0.2999999999999998,0
1969-08-01,3.5,2.5,5.1,11.8,8.6,5.4,3.0,2.3,1.8,1.9,1969,8,-0.2999999999999998,0
1969-09-01,3.7,2.6,5.3,15.3,10.7,6.3,3.0,2.4,1.8,2.0,1969,9,0.20000000000000018,0
1969-10-01,3.5,2.6,4.9,14.7,10.5,5.9,2.8,2.0,1.9,2.1,1969,10,-0.20000000000000018,0
1969-11-01,3.3,2.7,4.4,15.3,9.3,5.3,2.8,2.0,1.7,1.9,1969,11,-0.20000000000000018,0
1969-12-01,3.2,2.9,3.7,13.4,9.0,5.0,2.6,1.9,1.9,2.2,1969,12,-0.09999999999999964,0
1970-01-01,4.2,3.9,4.8,15.9,12.0,6.9,3.8,2.7,2.5,2.4,1970,1,1.0,0
1970-02-01,4.7,4.3,5.2,15.5,12.3,8.5,4.1,3.1,2.7,2.8,1970,2,0.5,0
1970-03-01,4.6,4.1,5.3,15.7,11.5,7.2,3.8,3.3,3.0,3.1,1970,3,-0.10000000000000053,0
1970-04-01,4.3,3.9,5.0,16.0,11.6,6.9,3.8,2.8,2.6,2.8,1970,4,-0.2999999999999998,0
1970-05-01,4.1,3.6,5.0,13.0,10.7,7.1,3.6,2.7,2.5,2.9,1970,5,-0.20000000000000018,0
1970-06-01,5.6,4.8,6.8,23.1,18.7,9.0,4.0,2.8,2.4,2.6,1970,6,1.5,1
1970-07-01,5.3,4.7,6.4,17.0,14.2,8.5,4.4,2.9,3.0,2.7,1970,7,-0.2999999999999998,0
1970-08-01,5.0,4.2,6.4,13.1,12.8,8.2,4.6,3.3,2.9,2.6,1970,8,-0.2999999999999998,0
1970-09-01,5.2,4.2,6.8,18.7,14.7,9.3,4.3,3.2,2.9,2.8,1970,9,0.20000000000000018,0
1970-10-01,5.1,4.4,6.3,18.1,15.1,8.6,4.3,3.5,2.8,2.8,1970,10,-0.10000000000000053,0
1970-11-01,5.5,4.8,6.7,19.5,16.6,9.0,4.7,3.5,3.1,3.2,1970,11,0.40000000000000036,0
1970-12-01,5.6,5.4,5.8,18.9,14.5,8.6,5.1,4.0,3.1,3.5,1970,12,0.09999999999999964,0
1971-01-01,6.6,6.4,6.8,19.2,16.8,10.8,6.2,4.6,3.8,4.2,1971,1,1.0,0
1971-02-01,6.6,6.4,6.9,17.3,16.8,11.4,6.1,4.6,3.9,4.2,1971,2,0.0,0
1971-03-01,6.3,5.9,6.8,18.8,16.3,10.5,5.9,4.0,3.9,3.8,1971,3,-0.2999999999999998,0
1971-04-01,5.7,5.1,6.5,17.1,13.9,9.4,5.0,3.8,3.6,3.7,1971,4,-0.5999999999999996,0
1971-05-01,5.3,4.8,6.2,15.6,13.4,9.8,4.6,3.3,3.1,3.3,1971,5,-0.40000000000000036,0
1971-06-01,6.5,5.6,7.9,25.4,19.1,11.6,4.6,3.4,2.9,3.0,1971,6,1.2000000000000002,1
1971-07-01,6.2,5.4,7.6,20.0,15.7,9.7,5.1,3.8,3.3,2.9,1971,7,-0.2999999999999998,0
1971-08-01,5.9,5.0,7.5,15.1,13.2,9.8,5.3,4.2,3.4,3.2,1971,8,-0.2999999999999998,0
1971-09-01,5.8,4.7,7.5,18.2,16.2,9.7,5.3,3.8,3.4,2.9,1971,9,-0.10000000000000053,0
1971-10-01,5.4,4.6,6.7,18.8,14.6,8.9,4.9,3.8,3.0,2.6,1971,10,-0.39999999999999947,0
1971-11-01,5.7,5.0,6.8,19.2,15.7,9.5,5.2,3.5,3.0,3.2,1971,11,0.2999999999999998,0
1971-12-01,5.5,5.4,5.8,18.2,14.6,8.6,5.0,3.6,3.3,3.4,1971,12,-0.20000000000000018,0
1972-01-01,6.5,6.3,6.8,18.5,17.6,11.0,5.9,4.2,3.7,3.6,1972,1,1.0,0
1972-02-01,6.4,6.3,6.5,21.1,17.6,10.5,5.7,4.0,3.7,3.7,1972,2,-0.09999999999999964,0
1972-03-01,6.1,5.9,6.5,20.8,15.5,10.3,4.8,4.2,3.6,3.8,1972,3,-0.3000000000000007,0
1972-04-01,5.5,5.1,6.2,18.0,13.7,9.2,4.6,3.6,3.1,3.7,1972,4,-0.5999999999999996,0
1972-05-01,5.1,4.6,6.0,13.7,12.3,9.0,4.4,3.4,2.9,3.4,1972,5,-0.40000000000000036,0
1972-06-01,6.2,5.2,7.8,22.7,17.4,10.1,4.4,3.3,2.8,3.3,1972,6,1.1000000000000005,1
1972-07-01,5.9,4.8,7.5,18.0,14.3,9.7,4.5,3.5,2.9,3.1,1972,7,-0.2999999999999998,0
1972-08-01,5.5,4.5,7.2,16.0,12.3,8.9,4.6,3.6,2.9,3.3,1972,8,-0.40000000000000036,0
1972-09-01,5.4,4.2,7.3,19.7,14.4,9.2,4.6,3.4,2.6,2.8,1972,9,-0.09999999999999964,0
1972-10-01,5.1,4.2,6.6,17.4,13.3,8.9,4.2,3.3,2.7,3.1,1972,10,-0.3000000000000007,0
1972-11-01,4.9,4.2,6.0,19.1,13.6,7.9,4.0,3.0,2.6,2.7,1972,11,-0.1999999999999993,0
1972-12-01,4.8,4.4,5.3,16.9,13.3,7.4,4.0,2.7,2.5,3.0,1972,12,-0.10000000000000053,0
1973-01-01,5.5,5.0,6.3,17.1,13.2,9.1,5.2,3.4,3.1,3.3,1973,1,0.7000000000000002,0
1973-02-01,5.6,5.2,6.3,18.8,14.2,9.0,4.9,3.4,3.5,3.1,1973,2,0.09999999999999964,0
1973-03-01,5.2,4.8,5.9,17.7,12.2,8.3,4.7,3.2,3.1,3.0,1973,3,-0.39999999999999947,0
1973-04-01,4.8,4.3,5.6,18.2,11.3,7.7,4.0,2.8,3.0,2.7,1973,4,-0.40000000000000036,0
1973-05-01,4.4,3.9,5.2,14.9,11.0,7.5,4.1,2.5,2.1,2.4,1973,5,-0.39999999999999947,0
1973-06-01,5.4,4.4,6.9,22.8,13.6,8.7,4.1,2.5,2.2,2.4,1973,6,1.0,0
1973-07-01,5.0,4.1,6.5,17.2,12.8,8.1,4.1,2.4,2.1,2.5,1973,7,-0.40000000000000036,0
1973-08-01,4.7,3.7,6.3,13.1,11.1,7.7,4.4,2.5,2.2,2.6,1973,8,-0.2999999999999998,0
1973-09-01,4.7,3.5,6.5,17.4,12.9,8.1,4.1,2.7,2.0,2.4,1973,9,0.0,0
1973-10-01,4.2,3.4,5.5,16.1,11.6,6.5,3.7,2.3,2.1,2.4,1973,10,-0.5,0
1973-11-01,4.6,3.8,5.7,18.1,12.6,6.7,3.9,2.5,2.3,2.6,1973,11,0.39999999999999947,0
1973-12-01,4.6,4.1,5.3,15.9,12.3,6.8,4.0,2.7,2.5,2.6,1973,12,0.0,0
1974-01-01,5.7,5.1,6.5,18.8,14.0,9.4,5.1,3.3,3.1,3.2,1974,1,1.1000000000000005,1
1974-02-01,5.8,5.4,6.4,18.6,13.8,9.6,5.1,3.5,3.3,3.3,1974,2,0.09999999999999964,0
1974-03-01,5.3,4.9,6.0,18.6,12.9,8.5,4.7,3.1,3.1,3.0,1974,3,-0.5,0
1974-04-01,4.8,4.5,5.4,15.3,11.4,7.7,4.5,3.1,2.8,2.7,1974,4,-0.5,0
1974-05-01,4.6,4.0,5.7,14.9,12.1,8.2,3.8,2.8,2.3,2.5,1974,5,-0.20000000000000018,0
1974-06-01,5.8,4.9,7.3,23.8,16.3,9.3,4.0,2.9,2.3,2.6,1974,6,1.2000000000000002,1
1974-07-01,5.7,4.7,7.2,18.9,14.9,8.9,4.5,3.0,2.4,2.6,1974,7,-0.09999999999999964,0
1974-08-01,5.3,4.4,6.8,13.6,12.2,9.4,4.6,3.2,2.4,3.0,1974,8,-0.40000000000000036,0
1974-09-01,5.7,4.5,7.6,18.3,16.5,9.5,4.7,3.4,2.9,2.8,1974,9,0.40000000000000036,0
1974-10-01,5.5,4.6,6.9,17.9,15.1,8.5,5.0,3.4,2.8,2.9,1974,10,-0.20000000000000018,0
1974-11-01,6.2,5.3,7.6,20.3,16.0,9.6,5.6,3.9,3.5,3.1,1974,11,0.7000000000000002,0
1974-12-01,6.7,6.3,7.3,20.2,15.5,10.4,6.1,4.4,3.9,3.8,1974,12,0.5,0
1975-01-01,9.0,8.5,9.7,22.4,20.7,13.9,8.6,6.3,5.8,4.8,1975,1,2.3,1
1975-02-01,9.1,8.9,9.5,22.8,19.5,14.9,8.6,6.4,5.7,5.3,1975,2,0.09999999999999964,0
1975-03-01,9.1,8.9,9.5,22.8,19.5,14.8,8.6,6.4,5.9,5.3,1975,3,0.0,0
1975-04-01,8.6,8.3,8.9,20.5,17.9,14.0,7.8,6.3,5.4,5.2,1975,4,-0.5,0
1975-05-01,8.3,7.8,9.1,19.1,18.4,14.1,7.6,5.5,5.3,4.7,1975,5,-0.29999999999999893,0
1975-06-01,9.1,8.4,10.1,26.2,21.6,14.0,8.0,5.4,5.1,4.6,1975,6,0.7999999999999989,0
1975-07-01,8.7,8.0,9.7,20.8,18.8,13.7,8.0,5.0,5.0,4.4,1975,7,-0.40000000000000036,0
1975-08-01,8.2,7.2,9.6,18.4,17.3,13.0,7.6,5.3,5.0,4.3,1975,8,-0.5,0
1975-09-01,8.1,7.1,9.6,21.7,18.6,13.6,7.5,5.2,4.9,4.1,1975,9,-0.09999999999999964,0
1975-10-01,7.8,6.9,9.0,21.1,17.6,12.4,6.9,5.3,4.9,4.5,1975,10,-0.2999999999999998,0
1975-11-01,7.8,7.2,8.6,20.5,18.0,12.6,7.0,5.3,4.7,4.6,1975,11,0.0,0
1975-12-01,7.8,7.5,8.2,19.8,18.7,11.8,7.0,5.2,4.9,4.9,1975,12,0.0,0
1976-01-01,8.8,8.5,9.3,22.6,20.7,14.3,8.2,5.7,5.3,5.2,1976,1,1.0000000000000009,1
1976-02-01,8.7,8.4,9.1,23.1,18.9,13.7,8.2,5.8,5.2,5.4,1976,2,-0.10000000000000142,0
1976-03-01,8.1,7.8,8.5,21.1,19.0,12.9,7.2,5.1,5.0,5.4,1976,3,-0.5999999999999996,0
1976-04-01,7.4,7.0,7.9,20.3,17.3,11.6,6.4,4.9,4.5,4.9,1976,4,-0.6999999999999993,0
1976-05-01,6.8,6.3,7.4,19.5,15.0,11.0,6.2,4.2,3.8,4.1,1976,5,-0.6000000000000005,0
1976-06-01,8.0,7.2,9.1,26.3,18.0,12.4,6.7,4.5,3.9,4.4,1976,6,1.2000000000000002,1
1976-07-01,7.8,6.9,9.2,20.1,15.8,11.3,7.3,4.9,4.4,4.5,1976,7,-0.20000000000000018,0
1976-08-01,7.6,6.3,9.4,18.1,16.1,11.6,7.3,4.8,4.1,4.4,1976,8,-0.20000000000000018,0
1976-09-01,7.4,6.2,9.2,20.2,18.2,11.4,7.1,4.9,4.1,4.2,1976,9,-0.1999999999999993,0
1976-10-01,7.2,6.2,8.6,20.4,16.7,11.4,6.7,4.7,4.0,4.1,1976,10,-0.20000000000000018,0
1976-11-01,7.4,6.8,8.3,21.8,17.3,11.5,6.8,4.6,4.4,4.4,1976,11,0.20000000000000018,0
1976-12-01,7.4,7.1,7.7,19.6,17.5,11.2,6.8,4.8,4.8,4.1,1976,12,0.0,0
1977-01-01,8.3,7.9,8.8,22.7,19.2,12.9,7.9,5.2,5.2,4.8,1977,1,0.9000000000000004,0
1977-02-01,8.5,8.3,8.8,21.5,18.8,13.7,7.9,5.4,5.1,5.6,1977,2,0.1999999999999993,0
1977-03-01,7.9,7.5,8.5,23.2,17.1,12.3,7.2,5.0,4.9,4.9,1977,3,-0.5999999999999996,0
1977-04-01,6.9,6.3,7.7,18.4,15.9,10.6,6.5,4.3,4.1,4.3,1977,4,-1.0,0
1977-05-01,6.4,5.8,7.3,18.2,14.8,10.5,5.7,4.1,3.6,3.8,1977,5,-0.5,0
1977-06-01,7.5,6.5,9.1,26.0,18.1,11.3,6.1,4.2,3.8,3.6,1977,6,1.0999999999999996,1
1977-07-01,7.0,6.0,8.4,19.4,15.2,10.5,6.5,4.3,3.3,3.6,1977,7,-0.5,0
1977-08-01,6.8,5.7,8.6,16.9,13.9,10.8,6.4,4.2,3.8,3.6,1977,8,-0.20000000000000018,0
1977-09-01,6.6,5.2,8.6,19.4,17.6,10.5,6.0,4.1,3.3,3.6,1977,9,-0.20000000000000018,0
1977-10-01,6.4,5.3,7.8,18.0,15.5,9.7,6.0,4.0,3.3,3.8,1977,10,-0.1999999999999993,0
1977-11-01,6.5,5.5,7.9,19.1,15.7,9.8,5.8,4.1,3.4,4.0,1977,11,0.09999999999999964,0
1977-12-01,6.0,5.5,6.8,16.4,13.4,9.4,5.6,3.7,3.5,3.9,1977,12,-0.5,0
1978-01-01,7.1,6.5,7.8,19.8,16.7,11.9,6.4,4.4,3.9,3.9,1978,1,1.0999999999999996,1
1978-02-01,6.9,6.7,7.3,22.2,15.9,11.7,6.0,4.1,3.9,4.0,1978,2,-0.1999999999999993,0
1978-03-01,6.6,6.3,7.0,21.5,15.7,11.1,5.8,4.0,3.5,3.6,1978,3,-0.3000000000000007,0
1978-04-01,5.8,5.2,6.6,18.7,13.4,9.6,5.2,3.4,3.0,3.3,1978,4,-0.7999999999999998,0
1978-05-01,5.5,4.7,6.7,17.1,12.8,8.7,4.9,3.7,3.2,3.0,1978,5,-0.2999999999999998,0
1978-06-01,6.2,5.1,7.9,22.2,15.1,9.7,4.8,3.5,3.1,2.9,1978,6,0.7000000000000002,0
1978-07-01,6.3,5.1,8.0,19.7,13.5,9.8,5.4,3.6,3.2,2.9,1978,7,0.09999999999999964,0
1978-08-01,5.9,4.7,7.6,16.1,11.9,8.8,5.6,3.7,3.2,2.8,1978,8,-0.39999999999999947,0
1978-09-01,5.8,4.5,7.6,18.8,15.1,9.2,5.1,3.4,3.1,3.0,1978,9,-0.10000000000000053,0
1978-10-01,5.4,4.6,6.6,18.2,13.5,8.1,4.8,3.4,3.1,2.8,1978,10,-0.39999999999999947,0
1978-11-01,5.6,4.8,6.7,19.1,14.0,8.7,4.9,3.5,2.9,2.9,1978,11,0.1999999999999993,0
1978-12-01,5.7,5.2,6.3,18.9,13.6,8.7,5.1,3.6,3.3,2.9,1978,12,0.10000000000000053,0
1979-01-01,6.4,6.0,7.1,19.4,15.5,9.9,6.0,4.2,3.5,3.3,1979,1,0.7000000000000002,0
1979-02-01,6.4,6.0,7.0,19.8,15.6,10.0,6.0,3.8,3.7,3.6,1979,2,0.0,0
1979-03-01,6.1,5.7,6.6,20.1,13.7,9.7,5.5,3.6,3.5,3.5,1979,3,-0.3000000000000007,0
1979-04-01,5.5,5.0,6.3,18.1,13.4,8.3,4.9,3.4,3.4,3.2,1979,4,-0.5999999999999996,0
1979-05-01,5.2,4.5,6.3,17.0,13.5,8.5,4.5,3.1,2.8,2.9,1979,5,-0.2999999999999998,0
1979-06-01,6.0,5.0,7.5,22.0,15.7,9.2,4.8,3.2,3.0,2.7,1979,6,0.7999999999999998,0
1979-07-01,5.9,5.1,7.0,17.5,13.9,8.9,5.1,3.2,3.0,2.9,1979,7,-0.09999999999999964,0
1979-08-01,5.9,4.8,7.5,15.4,13.7,9.2,5.5,3.8,3.1,3.0,1979,8,0.0,0
1979-09-01,5.7,4.6,7.1,16.2,17.2,9.2,4.7,3.7,2.9,2.6,1979,9,-0.20000000000000018,0
1979-10-01,5.6,4.7,6.9,17.4,14.9,8.9,4.9,3.5,3.2,2.7,1979,10,-0.10000000000000053,0
1979-11-01,5.6,5.0,6.4,17.1,14.9,8.5,5.2,3.7,3.1,2.8,1979,11,0.0,0
1979-12-01,5.7,5.3,6.2,17.2,14.0,9.5,5.0,3.7,3.1,2.7,1979,12,0.10000000000000053,0
1980-01-01,6.9,6.7,7.1,19.9,15.7,11.5,6.2,4.4,3.8,3.8,1980,1,1.2000000000000002,1
1980-02-01,6.8,6.7,7.0,20.1,16.4,11.1,6.4,4.4,3.9,3.4,1980,2,-0.10000000000000053,0
1980-03-01,6.6,6.6,6.6,19.1,15.0,10.8,6.5,4.3,3.8,3.2,1980,3,-0.20000000000000018,0
1980-04-01,6.7,6.7,6.6,18.0,13.4,10.8,6.8,4.3,3.8,3.5,1980,4,0.10000000000000053,0
1980-05-01,7.1,7.0,7.2,20.0,16.4,11.9,6.8,4.5,3.7,3.3,1980,5,0.39999999999999947,0
1980-06-01,7.8,7.6,8.2,23.9,18.9,12.5,7.2,4.5,3.9,3.1,1980,6,0.7000000000000002,0
1980-07-01,7.9,7.6,8.2,20.1,16.8,12.1,7.7,5.0,4.3,3.2,1980,7,0.10000000000000053,0
1980-08-01,7.6,7.2,8.1,18.8,14.9,11.6,7.6,5.3,4.4,3.3,1980,8,-0.3000000000000007,0
1980-09-01,7.2,6.8,7.6,19.2,17.6,11.7,7.1,4.6,3.9,3.1,1980,9,-0.39999999999999947,0
1980-10-01,7.1,6.7,7.7,19.9,16.7,11.6,7.1,4.5,4.1,2.9,1980,10,-0.10000000000000053,0
1980-11-01,7.1,7.0,7.4,21.6,16.6,11.4,6.8,4.6,4.4,3.3,1980,11,0.0,0
1980-12-01,6.9,6.9,7.0,18.7,15.6,11.1,6.8,4.7,4.1,3.4,1980,12,-0.1999999999999993,0
1981-01-01,8.2,8.3,8.0,22.2,19.0,13.3,8.0,5.5,4.6,3.9,1981,1,1.299999999999999,1
1981-02-01,8.0,8.3,7.7,23.1,19.3,13.0,7.7,5.2,4.6,4.2,1981,2,-0.1999999999999993,0
1981-03-01,7.7,7.9,7.4,23.2,17.6,12.6,7.2,5.2,4.3,4.1,1981,3,-0.2999999999999998,0
1981-04-01,7.0,6.9,7.1,21.2,16.1,11.6,6.6,4.9,3.5,3.5,1981,4,-0.7000000000000002,0
1981-05-01,7.1,6.9,7.5,20.5,17.3,12.4,6.9,4.2,3.8,3.3,1981,5,0.09999999999999964,0
1981-06-01,7.7,7.3,8.3,26.4,18.7,12.6,6.8,4.5,3.9,3.1,1981,6,0.6000000000000005,0
1981-07-01,7.3,6.7,8.2,19.1,17.0,11.4,7.0,4.4,4.1,3.3,1981,7,-0.40000000000000036,0
1981-08-01,7.2,6.6,8.0,17.4,15.7,11.5,7.1,4.6,4.3,3.4,1981,8,-0.09999999999999964,0
1981-09-01,7.3,6.5,8.4,20.2,19.6,11.9,6.8,5.0,3.7,3.5,1981,9,0.09999999999999964,0
1981-10-01,7.5,6.9,8.3,20.4,19.9,12.0,7.3,5.0,4.2,3.4,1981,10,0.20000000000000018,0
1981-11-01,7.9,7.8,8.2,23.4,20.7,12.2,7.6,5.6,4.5,3.6,1981,11,0.40000000000000036,0
1981-12-01,8.3,8.7,7.8,20.8,20.4,13.0,8.1,6.0,5.0,4.1,1981,12,0.40000000000000036,0
1982-01-01,9.4,10.0,8.7,23.5,23.2,15.0,9.2,6.8,5.6,4.8,1982,1,1.0999999999999996,1
1982-02-01,9.6,10.1,8.9,25.0,24.1,15.3,9.3,6.6,5.6,5.1,1982,2,0.1999999999999993,0
1982-03-01,9.5,10.1,8.7,24.7,21.5,15.1,9.3,6.6,5.8,5.2,1982,3,-0.09999999999999964,0
1982-04-01,9.2,9.5,8.7,24.5,21.0,14.2,9.2,6.4,5.2,5.2,1982,4,-0.3000000000000007,0
1982-05-01,9.1,9.1,9.0,24.8,21.1,14.1,9.0,6.3,5.4,4.7,1982,5,-0.09999999999999964,0
1982-06-01,9.8,9.8,9.7,27.7,22.7,15.0,9.8,6.3,4.8,4.8,1982,6,0.7000000000000011,0
1982-07-01,9.8,9.6,10.0,23.4,21.2,14.4,10.2,6.5,5.6,4.9,1982,7,0.0,0
1982-08-01,9.6,9.3,9.9,21.3,19.9,14.5,9.8,6.9,5.5,5.0,1982,8,-0.20000000000000107,0
1982-09-01,9.7,9.6,9.8,25.9,22.7,14.7,10.0,7.0,5.8,4.6,1982,9,0.09999999999999964,0
1982-10-01,9.9,9.9,9.9,24.9,23.0,15.1,10.1,7.1,6.1,4.8,1982,10,0.20000000000000107,0
1982-11-01,10.4,10.7,9.9,27.5,23.1,15.6,10.2,8.0,6.5,5.3,1982,11,0.5,0
1982-12-01,10.5,11.3,9.6,26.8,21.9,15.5,10.7,8.5,6.5,5.6,1982,12,0.09999999999999964,0
1983-01-01,11.4,12.2,10.4,25.8,23.9,17.7,11.7,8.7,7.3,6.2,1983,1,0.9000000000000004,0
1983-02-01,11.3,12.3,10.0,26.0,23.8,17.7,11.7,8.3,7.3,6.3,1983,2,-0.09999999999999964,0
1983-03-01,10.8,11.7,9.6,27.1,23.1,16.4,11.4,7.8,6.9,6.1,1983,3,-0.5,0
1983-04-01,10.0,10.8,9.0,26.5,20.9,15.1,10.1,7.5,6.7,6.0,1983,4,-0.8000000000000007,0
1983-05-01,9.8,10.2,9.2,25.9,20.7,15.2,9.6,7.2,6.6,5.1,1983,5,-0.1999999999999993,0
1983-06-01,10.2,10.1,10.4,29.6,23.0,14.9,9.8,7.1,6.0,5.3,1983,6,0.3999999999999986,0
1983-07-01,9.4,9.4,9.4,22.9,19.8,13.3,9.3,6.9,5.8,5.0,1983,7,-0.7999999999999989,0
1983-08-01,9.2,9.0,9.4,20.4,19.4,13.7,9.2,6.6,5.9,4.8,1983,8,-0.20000000000000107,0
1983-09-01,8.8,8.6,9.0,23.2,21.1,13.3,8.8,6.6,5.3,4.5,1983,9,-0.3999999999999986,0
1983-10-01,8.4,8.3,8.5,22.8,20.6,13.0,8.3,5.9,5.4,4.4,1983,10,-0.40000000000000036,0
1983-11-01,8.1,8.3,7.9,22.5,19.5,12.4,8.1,5.7,5.1,4.6,1983,11,-0.3000000000000007,0
1983-12-01,8.0,8.4,7.5,21.9,17.8,11.7,8.1,5.7,5.7,4.8,1983,12,-0.09999999999999964,0
1984-01-01,8.8,9.3,8.2,22.7,19.3,13.8,8.9,6.1,5.8,5.3,1984,1,0.8000000000000007,0
1984-02-01,8.4,8.9,7.9,23.6,19.2,12.8,8.8,5.8,5.4,5.0,1984,2,-0.40000000000000036,0
1984-03-01,8.1,8.4,7.7,24.3,18.3,12.3,8.2,5.6,5.1,4.9,1984,3,-0.3000000000000007,0
1984-04-01,7.6,7.8,7.4,22.7,16.2,11.9,7.5,5.6,4.7,4.5,1984,4,-0.5,0
1984-05-01,7.2,7.0,7.4,20.1,17.4,11.4,6.8,5.0,4.8,4.2,1984,5,-0.39999999999999947,0
1984-06-01,7.4,7.1,7.8,25.0,17.9,10.9,6.7,5.0,4.1,4.4,1984,6,0.20000000000000018,0
1984-07-01,7.5,7.1,8.0,19.6,16.3,10.8,7.2,5.2,4.9,4.2,1984,7,0.09999999999999964,0
1984-08-01,7.3,6.6,8.2,17.7,14.9,11.3,6.9,5.6,4.6,4.3,1984,8,-0.20000000000000018,0
1984-09-01,7.1,6.6,7.7,20.6,18.6,10.9,6.4,5.4,4.6,4.0,1984,9,-0.20000000000000018,0
1984-10-01,7.0,6.5,7.7,18.7,18.3,10.6,6.5,5.1,4.6,4.3,1984,10,-0.09999999999999964,0
1984-11-01,6.9,6.8,7.1,20.0,16.8,10.5,6.6,4.8,4.8,4.2,1984,11,-0.09999999999999964,0
1984-12-01,7.0,7.2,6.7,20.2,16.9,10.4,6.7,5.0,5.1,4.1,1984,12,0.09999999999999964,0
1985-01-01,8.0,8.2,7.8,21.3,18.8,12.2,7.9,5.9,5.6,4.8,1985,1,1.0,0
1985-02-01,7.8,8.1,7.5,20.9,18.7,12.4,7.8,5.5,5.3,4.4,1985,2,-0.20000000000000018,0
1985-03-01,7.5,7.6,7.4,22.1,16.7,11.7,7.2,5.6,5.3,4.4,1985,3,-0.2999999999999998,0
1985-04-01,7.1,7.2,7.1,21.2,14.2,10.9,7.1,5.2,5.0,4.2,1985,4,-0.40000000000000036,0
1985-05-01,7.0,6.6,7.5,20.7,16.8,11.5,6.6,4.9,4.2,4.0,1985,5,-0.09999999999999964,0
1985-06-01,7.5,7.2,7.9,25.9,17.5,11.4,6.8,5.3,4.3,4.2,1985,6,0.5,0
1985-07-01,7.4,7.0,7.9,20.7,17.0,10.7,6.9,5.1,4.7,4.3,1985,7,-0.09999999999999964,0
1985-08-01,6.9,6.3,7.7,15.7,14.6,10.5,6.9,5.1,4.4,4.0,1985,8,-0.5,0
1985-09-01,6.9,6.2,7.7,19.5,17.4,10.6,6.8,5.0,4.5,3.7,1985,9,0.0,0
1985-10-01,6.8,6.5,7.2,22.2,18.6,10.5,6.6,4.6,4.3,3.7,1985,10,-0.10000000000000053,0
1985-11-01,6.7,6.6,6.9,21.3,16.6,10.6,6.6,4.7,4.2,3.7,1985,11,-0.09999999999999964,0
1985-12-01,6.7,6.8,6.5,20.4,16.9,9.8,6.5,4.8,4.6,3.8,1985,12,0.0,0
1986-01-01,7.3,7.5,7.2,21.2,17.8,11.6,7.1,5.2,5.2,4.3,1986,1,0.5999999999999996,0
1986-02-01,7.8,8.0,7.6,22.5,18.5,11.9,7.8,5.8,4.8,4.8,1986,2,0.5,0
1986-03-01,7.5,7.6,7.2,20.9,17.4,11.1,7.4,5.6,4.9,4.7,1986,3,-0.2999999999999998,0
1986-04-01,7.0,7.0,6.9,21.3,16.9,10.6,6.9,5.1,4.4,4.0,1986,4,-0.5,0
1986-05-01,7.0,6.8,7.1,20.6,17.3,11.6,6.7,4.9,4.4,3.4,1986,5,0.0,0
1986-06-01,7.3,7.1,7.7,24.9,18.7,10.9,6.8,5.0,4.5,3.6,1986,6,0.2999999999999998,0
1986-07-01,7.0,6.8,7.3,19.0,15.8,10.4,7.0,4.9,4.4,3.7,1986,7,-0.2999999999999998,0
1986-08-01,6.7,6.2,7.3,16.3,14.6,9.9,6.8,4.9,4.3,3.6,1986,8,-0.2999999999999998,0
1986-09-01,6.8,6.4,7.3,19.5,18.2,10.8,6.6,4.8,4.2,3.7,1986,9,0.09999999999999964,0
1986-10-01,6.6,6.4,6.9,18.3,17.2,10.1,6.6,4.8,4.0,3.9,1986,10,-0.20000000000000018,0
1986-11-01,6.6,6.7,6.6,21.2,16.3,9.6,6.7,4.9,4.2,3.7,1986,11,0.0,0
1986-12-01,6.3,6.7,5.8,17.8,15.6,9.8,6.5,4.6,4.0,3.4,1986,12,-0.2999999999999998,0
1987-01-01,7.3,7.7,6.8,20.2,17.4,11.7,7.7,5.3,4.7,3.6,1987,1,1.0,0
1987-02-01,7.2,7.6,6.7,20.9,18.0,11.5,7.3,5.2,4.9,3.4,1987,2,-0.09999999999999964,0
1987-03-01,6.9,7.2,6.5,21.1,16.5,10.6,6.7,5.2,4.5,3.8,1987,3,-0.2999999999999998,0
1987-04-01,6.2,6.4,5.9,19.6,14.7,10.0,6.0,4.4,4.0,3.5,1987,4,-0.7000000000000002,0
1987-05-01,6.1,6.2,6.1,21.3,14.9,10.2,5.8,4.2,3.7,3.4,1987,5,-0.10000000000000053,0
1987-06-01,6.3,6.2,6.4,23.4,15.4,10.4,5.8,4.1,3.7,3.0,1987,6,0.20000000000000018,0
1987-07-01,6.1,5.8,6.4,17.1,13.8,9.5,5.8,4.5,3.9,2.9,1987,7,-0.20000000000000018,0
1987-08-01,5.8,5.5,6.3,14.8,12.6,8.8,5.8,4.4,3.8,3.1,1987,8,-0.2999999999999998,0
1987-09-01,5.7,5.2,6.4,16.6,16.3,9.1,5.4,4.4,3.4,3.2,1987,9,-0.09999999999999964,0
1987-10-01,5.7,5.4,6.0,19.9,15.2,8.3,5.3,4.3,3.8,3.1,1987,10,0.0,0
1987-11-01,5.6,5.5,5.8,20.1,14.5,8.5,5.4,4.0,3.8,3.3,1987,11,-0.10000000000000053,0
1987-12-01,5.4,5.6,5.2,16.3,14.0,7.8,5.6,4.0,3.4,3.1,1987,12,-0.1999999999999993,0
1988-01-01,6.3,6.6,6.0,18.8,15.5,10.0,6.3,4.7,4.1,3.7,1988,1,0.8999999999999995,0
1988-02-01,6.2,6.4,6.0,18.2,15.4,9.7,6.1,4.8,4.1,3.6,1988,2,-0.09999999999999964,0
1988-03-01,5.9,6.3,5.5,18.5,16.1,9.5,5.9,4.4,3.4,3.4,1988,3,-0.2999999999999998,0
1988-04-01,5.3,5.3,5.3,18.4,13.0,8.6,5.1,3.9,3.3,3.1,1988,4,-0.6000000000000005,0
1988-05-01,5.4,5.4,5.5,16.4,15.0,9.3,5.1,3.9,3.1,3.3,1988,5,0.10000000000000053,0
1988-06-01,5.5,5.3,5.8,20.6,13.9,8.8,5.4,3.5,3.0,2.7,1988,6,0.09999999999999964,0
1988-07-01,5.5,5.1,6.0,16.9,12.8,8.4,5.2,3.9,3.4,2.9,1988,7,0.0,0
1988-08-01,5.4,5.0,5.8,14.8,11.8,7.9,5.6,4.0,3.3,2.9,1988,8,-0.09999999999999964,0
1988-09-01,5.2,4.8,5.8,18.8,13.6,8.0,5.3,3.6,3.4,2.8,1988,9,-0.20000000000000018,0
1988-10-01,5.0,4.9,5.3,16.7,13.8,8.0,5.1,3.6,3.1,2.6,1988,10,-0.20000000000000018,0
1988-11-01,5.2,5.2,5.1,16.2,12.3,8.3,5.3,3.6,3.6,2.8,1988,11,0.20000000000000018,0
1988-12-01,5.0,5.3,4.7,15.0,12.6,7.9,4.9,3.7,3.5,3.0,1988,12,-0.20000000000000018,0
1989-01-01,6.0,6.4,5.5,18.6,16.4,10.3,5.6,4.2,4.2,3.3,1989,1,1.0,0
1989-02-01,5.6,6.1,5.2,18.9,13.9,9.0,5.6,4.2,3.6,3.4,1989,2,-0.40000000000000036,0
1989-03-01,5.2,5.4,5.0,15.8,13.1,8.1,5.3,3.9,3.5,2.9,1989,3,-0.39999999999999947,0
1989-04-01,5.1,5.2,4.9,15.4,12.7,8.3,5.1,3.8,3.2,2.9,1989,4,-0.10000000000000053,0
1989-05-01,5.0,4.8,5.2,15.8,14.8,8.2,5.2,3.3,2.7,2.9,1989,5,-0.09999999999999964,0
1989-06-01,5.5,5.0,6.0,22.2,15.3,9.2,5.0,3.2,2.8,3.0,1989,6,0.5,0
1989-07-01,5.3,4.8,6.0,17.1,12.2,8.4,5.2,3.7,3.0,3.0,1989,7,-0.20000000000000018,0
1989-08-01,5.1,4.6,5.7,14.4,10.8,8.2,5.0,3.8,3.0,2.9,1989,8,-0.20000000000000018,0
1989-09-01,5.1,4.8,5.5,16.0,15.0,8.4,5.1,3.8,2.8,2.9,1989,9,0.0,0
1989-10-01,5.0,4.8,5.3,16.1,13.9,8.3,4.9,3.6,3.1,2.9,1989,10,-0.09999999999999964,0
1989-11-01,5.2,5.2,5.2,18.2,13.7,8.7,4.8,3.8,3.3,3.3,1989,11,0.20000000000000018,0
1989-12-01,5.1,5.3,4.9,16.6,12.5,8.1,5.0,3.8,3.3,3.3,1989,12,-0.10000000000000053,0
1990-01-01,6.0,6.4,5.5,15.2,15.5,9.7,5.9,4.4,4.1,3.8,1990,1,0.9000000000000004,0
1990-02-01,5.9,6.1,5.5,18.2,14.3,9.2,6.1,4.1,3.7,3.8,1990,2,-0.09999999999999964,0
1990-03-01,5.5,5.8,5.1,16.9,13.2,8.6,5.6,4.0,3.4,3.5,1990,3,-0.40000000000000036,0
1990-04-01,5.3,5.5,5.0,17.2,12.1,9.1,5.2,3.9,3.3,3.2,1990,4,-0.20000000000000018,0
1990-05-01,5.2,5.2,5.2,19.5,13.5,8.7,5.1,3.5,3.2,2.9,1990,5,-0.09999999999999964,0
1990-06-01,5.4,5.3,5.5,21.6,14.4,8.6,4.9,3.8,3.1,2.6,1990,6,0.20000000000000018,0
1990-07-01,5.6,5.3,5.9,17.1,13.9,8.1,5.5,4.2,3.1,3.0,1990,7,0.1999999999999993,0
1990-08-01,5.5,5.2,5.9,15.5,12.6,8.3,5.6,4.2,3.4,3.2,1990,8,-0.09999999999999964,0
1990-09-01,5.6,5.3,5.9,17.3,15.4,9.3,5.5,4.2,3.3,3.1,1990,9,0.09999999999999964,0
1990-10-01,5.5,5.4,5.6,18.3,15.0,9.0,5.3,3.9,3.5,3.4,1990,10,-0.09999999999999964,0
1990-11-01,5.9,6.1,5.6,19.7,15.2,8.9,5.7,4.6,4.2,3.3,1990,11,0.40000000000000036,0
1990-12-01,6.0,6.4,5.4,18.2,14.3,8.6,6.2,4.8,4.4,3.2,1990,12,0.09999999999999964,0
1991-01-01,7.1,7.6,6.3,20.6,18.8,10.8,7.2,5.5,4.8,3.9,1991,1,1.0999999999999996,1
1991-02-01,7.3,8.1,6.3,18.2,18.5,11.5,7.6,5.6,5.1,4.4,1991,2,0.20000000000000018,0
1991-03-01,7.2,8.0,6.2,21.3,17.7,10.6,7.4,5.7,4.9,4.4,1991,3,-0.09999999999999964,0
1991-04-01,6.5,7.1,5.8,21.1,15.1,10.0,6.7,5.4,4.2,3.8,1991,4,-0.7000000000000002,0
1991-05-01,6.7,7.0,6.4,20.5,19.2,11.2,6.5,4.9,4.3,3.9,1991,5,0.20000000000000018,0
1991-06-01,7.0,7.1,6.9,24.8,18.6,11.5,6.6,5.0,4.2,3.9,1991,6,0.2999999999999998,0
1991-07-01,6.8,6.9,6.8,21.6,16.8,10.7,6.6,4.9,4.3,3.8,1991,7,-0.20000000000000018,0
1991-08-01,6.6,6.5,6.8,18.1,14.1,10.0,6.8,5.2,4.5,4.0,1991,8,-0.20000000000000018,0
1991-09-01,6.5,6.5,6.5,19.8,17.7,10.8,6.7,4.8,4.5,3.6,1991,9,-0.09999999999999964,0
1991-10-01,6.5,6.5,6.5,21.5,17.3,10.8,6.6,4.7,4.4,3.5,1991,10,0.0,0
1991-11-01,6.7,7.0,6.4,21.7,17.1,10.7,6.8,5.1,4.5,3.9,1991,11,0.20000000000000018,0
1991-12-01,6.9,7.4,6.3,22.3,16.0,11.1,7.2,5.2,4.8,4.2,1991,12,0.20000000000000018,0
1992-01-01,8.1,9.1,6.9,22.3,18.5,12.7,8.5,6.3,5.7,4.8,1992,1,1.1999999999999993,1
1992-02-01,8.2,9.3,7.0,23.0,20.4,12.5,8.4,6.6,5.9,5.1,1992,2,0.09999999999999964,0
1992-03-01,7.8,8.7,6.7,24.3,19.7,11.2,8.1,6.2,5.7,4.8,1992,3,-0.39999999999999947,0
1992-04-01,7.2,7.8,6.5,22.7,15.4,10.9,7.6,5.6,5.1,4.7,1992,4,-0.5999999999999996,0
1992-05-01,7.3,7.8,6.8,24.5,18.8,11.9,7.3,5.4,5.1,4.8,1992,5,0.09999999999999964,0
1992-06-01,8.0,8.2,7.7,30.1,21.7,11.8,7.6,5.6,5.0,5.0,1992,6,0.7000000000000002,0
1992-07-01,7.7,7.6,7.8,22.5,18.1,11.3,7.5,5.8,5.2,5.3,1992,7,-0.2999999999999998,0
1992-08-01,7.4,7.3,7.6,17.6,15.7,10.8,7.6,5.9,5.2,5.2,1992,8,-0.2999999999999998,0
1992-09-01,7.3,7.2,7.4,23.3,19.4,11.3,7.3,5.5,4.9,4.6,1992,9,-0.10000000000000053,0
1992-10-01,6.9,7.0,6.7,21.6,16.2,10.5,7.2,5.4,4.5,4.6,1992,10,-0.39999999999999947,0
1992-11-01,7.1,7.4,6.7,25.0,17.6,10.7,7.3,5.5,4.6,4.4,1992,11,0.1999999999999993,0
1992-12-01,7.1,7.5,6.6,20.4,16.3,10.7,7.2,6.0,4.8,4.2,1992,12,0.0,0
1993-01-01,8.0,8.6,7.3,24.8,18.1,12.5,8.2,6.5,5.6,4.9,1993,1,0.9000000000000004,0
1993-02-01,7.8,8.6,6.9,22.0,20.4,12.3,8.0,6.3,5.4,4.9,1993,2,-0.20000000000000018,0
1993-03-01,7.4,8.3,6.3,25.6,17.5,10.7,7.6,5.9,5.5,4.5,1993,3,-0.39999999999999947,0
1993-04-01,6.9,7.4,6.3,23.2,17.6,10.4,6.8,5.5,5.2,4.1,1993,4,-0.5,0
1993-05-01,6.8,7.1,6.5,21.9,20.0,11.7,6.4,5.1,4.7,4.1,1993,5,-0.10000000000000053,0
1993-06-01,7.2,7.3,7.1,28.0,18.8,10.8,6.9,5.3,4.8,4.1,1993,6,0.40000000000000036,0
1993-07-01,7.0,7.0,7.0,20.1,16.7,10.4,6.9,5.3,5.0,4.3,1993,7,-0.20000000000000018,0
1993-08-01,6.6,6.5,6.8,15.9,14.6,10.0,6.6,5.3,4.9,4.4,1993,8,-0.40000000000000036,0
1993-09-01,6.4,6.3,6.6,17.8,17.7,9.8,6.5,4.9,4.6,4.5,1993,9,-0.1999999999999993,0
1993-10-01,6.4,6.3,6.5,20.7,17.5,9.4,6.2,5.3,4.3,4.3,1993,10,0.0,0
1993-11-01,6.2,6.3,6.2,21.4,16.1,9.5,6.1,5.3,3.9,3.9,1993,11,-0.20000000000000018,0
1993-12-01,6.1,6.4,5.8,16.4,15.4,9.0,6.4,5.3,4.1,4.0,1993,12,-0.10000000000000053,0
1994-01-01,7.3,7.9,6.7,21.8,17.2,12.2,7.4,5.9,4.6,5.0,1994,1,1.2000000000000002,1
1994-02-01,7.1,7.8,6.4,21.6,17.3,11.1,7.5,5.5,4.8,4.8,1994,2,-0.20000000000000018,0
1994-03-01,6.8,7.2,6.4,21.2,17.2,10.7,7.0,5.5,4.3,4.8,1994,3,-0.2999999999999998,0
1994-04-01,6.2,6.5,5.9,24.9,15.7,9.6,6.4,4.5,4.0,4.1,1994,4,-0.5999999999999996,0
1994-05-01,5.9,5.9,5.8,21.0,17.6,9.9,5.5,4.0,3.9,4.0,1994,5,-0.2999999999999998,0
1994-06-01,6.2,6.0,6.5,24.9,16.7,9.7,5.6,4.4,4.2,3.8,1994,6,0.2999999999999998,0
1994-07-01,6.2,6.1,6.4,20.3,15.2,9.7,5.8,4.5,4.2,4.2,1994,7,0.0,0
1994-08-01,5.9,5.6,6.3,16.3,13.0,9.6,5.7,4.6,4.0,4.4,1994,8,-0.2999999999999998,0
1994-09-01,5.6,5.3,6.0,17.6,16.5,9.3,5.4,4.5,3.6,3.6,1994,9,-0.3000000000000007,0
1994-10-01,5.4,5.3,5.6,16.9,17.2,8.3,5.4,4.0,3.6,3.7,1994,10,-0.1999999999999993,0
1994-11-01,5.3,5.2,5.4,17.6,13.4,8.7,5.2,4.0,3.6,3.7,1994,11,-0.10000000000000053,0
1994-12-01,5.1,5.3,4.8,15.3,15.4,7.7,5.2,4.0,3.3,3.2,1994,12,-0.20000000000000018,0
1995-01-01,6.2,6.6,5.8,20.4,15.1,9.7,6.6,4.9,3.7,4.3,1995,1,1.1000000000000005,1
1995-02-01,5.9,6.2,5.5,20.6,16.7,9.2,5.8,4.6,3.7,3.8,1995,2,-0.2999999999999998,0
1995-03-01,5.7,5.9,5.4,21.1,13.5,9.4,5.5,4.5,3.8,3.7,1995,3,-0.20000000000000018,0
1995-04-01,5.6,5.7,5.5,21.8,15.0,8.4,5.6,4.5,3.5,3.6,1995,4,-0.10000000000000053,0
1995-05-01,5.5,5.6,5.3,22.1,16.0,8.8,5.1,4.2,3.0,3.7,1995,5,-0.09999999999999964,0
1995-06-01,5.8,5.5,6.1,23.3,16.4,9.2,5.3,4.1,3.2,3.6,1995,6,0.2999999999999998,0
1995-07-01,5.9,5.5,6.3,21.0,15.2,9.3,5.3,4.4,3.4,3.9,1995,7,0.10000000000000053,0
1995-08-01,5.6,5.3,6.0,17.3,12.7,9.6,5.2,4.4,3.4,4.1,1995,8,-0.3000000000000007,0
1995-09-01,5.4,5.1,5.8,18.1,16.4,10.0,5.3,4.0,3.0,3.5,1995,9,-0.1999999999999993,0
1995-10-01,5.2,4.9,5.5,19.0,15.6,8.8,4.8,4.2,3.0,3.3,1995,10,-0.20000000000000018,0
1995-11-01,5.3,5.3,5.2,19.7,15.5,8.3,5.1,4.1,3.3,3.7,1995,11,0.09999999999999964,0
1995-12-01,5.2,5.5,4.9,17.7,15.7,8.3,5.1,4.2,3.3,3.1,1995,12,-0.09999999999999964,0
1996-01-01,6.3,6.5,6.0,21.2,17.1,11.1,6.2,4.8,4.1,4.0,1996,1,1.0999999999999996,1
1996-02-01,6.0,6.4,5.5,20.6,15.8,10.6,6.0,4.5,3.7,3.8,1996,2,-0.2999999999999998,0
1996-03-01,5.8,6.3,5.3,20.5,15.5,9.8,5.7,4.5,3.6,3.9,1996,3,-0.20000000000000018,0
1996-04-01,5.4,5.6,5.1,20.4,14.9,8.6,5.2,4.2,3.6,3.2,1996,4,-0.39999999999999947,0
1996-05-01,5.4,5.4,5.4,20.8,15.3,9.8,5.1,3.7,3.4,3.5,1996,5,0.0,0
1996-06-01,5.5,5.3,5.7,23.3,14.9,9.3,4.9,3.7,3.3,3.4,1996,6,0.09999999999999964,0
1996-07-01,5.6,5.4,5.9,20.0,14.1,9.7,5.3,4.1,3.1,3.9,1996,7,0.09999999999999964,0
1996-08-01,5.1,4.6,5.7,15.9,13.1,8.4,4.8,4.1,3.1,3.4,1996,8,-0.5,0
1996-09-01,5.0,4.7,5.3,15.0,15.2,9.0,4.8,3.9,3.0,3.1,1996,9,-0.09999999999999964,0
1996-10-01,4.9,4.6,5.2,16.3,15.6,8.2,4.6,3.8,3.0,2.9,1996,10,-0.09999999999999964,0
1996-11-01,5.0,4.9,5.2,15.7,17.0,8.6,4.8,4.1,3.1,2.9,1996,11,0.09999999999999964,0
1996-12-01,5.0,4.9,5.0,16.7,14.2,8.1,4.8,4.0,3.3,3.0,1996,12,0.0,0
1997-01-01,5.9,6.2,5.6,18.5,17.5,10.5,5.6,4.9,3.8,3.4,1997,1,0.9000000000000004,0
1997-02-01,5.7,5.9,5.5,20.5,16.5,9.5,5.7,4.6,3.5,3.2,1997,2,-0.20000000000000018,0
1997-03-01,5.5,5.7,5.2,20.5,14.4,9.3,5.3,4.4,3.3,3.5,1997,3,-0.20000000000000018,0
1997-04-01,4.8,5.0,4.6,19.9,12.8,8.4,4.7,3.8,3.0,2.8,1997,4,-0.7000000000000002,0
1997-05-01,4.7,4.4,5.1,19.8,14.4,8.4,4.4,3.4,2.8,2.9,1997,5,-0.09999999999999964,0
1997-06-01,5.2,5.0,5.4,22.0,16.8,8.5,4.6,3.5,3.0,3.0,1997,6,0.5,0
1997-07-01,5.0,4.7,5.4,18.5,15.1,7.9,4.8,3.5,3.0,3.2,1997,7,-0.20000000000000018,0
1997-08-01,4.8,4.4,5.3,14.7,13.2,8.0,4.7,3.7,2.8,3.3,1997,8,-0.20000000000000018,0
1997-09-01,4.7,4.3,5.1,16.8,15.1,8.2,4.5,3.5,2.9,3.0,1997,9,-0.09999999999999964,0
1997-10-01,4.4,4.3,4.5,15.4,14.3,7.9,4.1,3.4,2.6,2.6,1997,10,-0.2999999999999998,0
1997-11-01,4.3,4.2,4.4,16.3,13.4,7.9,4.0,3.2,2.6,2.7,1997,11,-0.10000000000000053,0
1997-12-01,4.4,4.5,4.2,15.2,10.6,7.7,4.0,3.7,2.9,2.5,1997,12,0.10000000000000053,0
1998-01-01,5.2,5.3,5.0,18.0,12.7,10.0,4.8,4.3,3.3,3.0,1998,1,0.7999999999999998,0
1998-02-01,5.0,5.1,4.8,19.4,12.4,9.2,4.8,3.7,3.4,2.8,1998,2,-0.20000000000000018,0
1998-03-01,5.0,5.2,4.8,18.1,13.2,8.5,5.0,3.8,3.1,3.1,1998,3,0.0,0
1998-04-01,4.1,4.1,4.2,16.4,10.6,7.1,3.9,3.3,2.8,2.5,1998,4,-0.9000000000000004,0
1998-05-01,4.2,4.1,4.4,17.2,13.6,7.7,3.9,3.1,2.3,2.4,1998,5,0.10000000000000053,0
1998-06-01,4.7,4.4,5.0,22.5,13.5,8.2,4.2,3.2,2.6,2.5,1998,6,0.5,0
1998-07-01,4.7,4.5,4.9,16.5,13.0,8.3,4.4,3.2,2.9,3.0,1998,7,0.0,0
1998-08-01,4.5,4.0,5.0,14.1,12.0,8.4,4.2,3.3,2.7,2.8,1998,8,-0.20000000000000018,0
1998-09-01,4.4,4.2,4.6,15.3,14.5,8.3,4.3,3.0,2.5,2.6,1998,9,-0.09999999999999964,0
1998-10-01,4.2,4.0,4.5,16.8,14.4,6.7,4.4,3.0,2.4,2.4,1998,10,-0.20000000000000018,0
1998-11-01,4.1,3.9,4.4,16.8,13.2,6.3,3.9,3.1,2.5,2.9,1998,11,-0.10000000000000053,0
1998-12-01,4.0,4.2,3.8,14.5,10.9,6.5,3.9,3.2,2.6,2.7,1998,12,-0.09999999999999964,0
1999-01-01,4.8,4.9,4.6,19.3,14.2,7.9,4.6,3.5,3.1,3.2,1999,1,0.7999999999999998,0
1999-02-01,4.7,4.9,4.5,16.4,13.6,8.5,4.7,3.5,3.1,3.0,1999,2,-0.09999999999999964,0
1999-03-01,4.4,4.4,4.5,17.8,12.5,7.7,4.3,3.1,2.7,3.1,1999,3,-0.2999999999999998,0
1999-04-01,4.1,4.0,4.2,17.6,10.8,7.0,3.9,3.1,2.6,2.7,1999,4,-0.3000000000000007,0
1999-05-01,4.0,3.9,4.0,16.6,11.1,7.5,3.6,3.0,2.2,2.5,1999,5,-0.09999999999999964,0
1999-06-01,4.5,4.2,4.8,21.1,12.8,7.8,3.9,3.1,2.3,3.0,1999,6,0.5,0
1999-07-01,4.5,4.1,4.9,15.5,11.7,7.9,4.2,3.0,2.6,3.2,1999,7,0.0,0
1999-08-01,4.2,3.8,4.6,12.9,10.8,7.4,3.9,3.3,2.5,2.8,1999,8,-0.2999999999999998,0
1999-09-01,4.1,3.8,4.4,13.9,15.1,7.3,3.8,3.0,2.4,2.5,1999,9,-0.10000000000000053,0
1999-10-01,3.8,3.8,4.0,14.4,13.0,7.1,3.7,2.7,2.3,2.4,1999,10,-0.2999999999999998,0
1999-11-01,3.8,3.7,4.0,15.8,12.5,7.0,3.6,2.6,2.4,2.5,1999,11,0.0,0
1999-12-01,3.7,3.9,3.5,14.3,10.7,6.7,3.4,2.7,2.6,2.4,1999,12,-0.09999999999999964,0
2000-01-01,4.5,4.6,4.3,15.0,12.5,8.2,4.1,3.4,3.1,3.0,2000,1,0.7999999999999998,0
2000-02-01,4.4,4.7,4.2,16.6,13.2,8.3,4.0,3.4,2.7,3.1,2000,2,-0.09999999999999964,0
2000-03-01,4.3,4.3,4.3,16.2,12.0,7.9,4.0,3.5,2.3,3.0,2000,3,-0.10000000000000053,0
2000-04-01,3.7,3.7,3.7,15.5,9.7,6.7,3.4,3.0,2.1,2.2,2000,4,-0.5999999999999996,0
2000-05-01,3.8,3.6,4.1,16.4,10.3,8.1,3.6,2.8,2.1,2.2,2000,5,0.09999999999999964,0
2000-06-01,4.1,3.9,4.5,18.3,11.8,7.7,3.5,3.0,2.4,2.2,2000,6,0.2999999999999998,0
2000-07-01,4.2,3.8,4.6,16.2,11.5,7.1,3.9,3.0,2.5,2.6,2000,7,0.10000000000000053,0
2000-08-01,4.1,3.6,4.6,13.8,11.5,6.5,3.8,3.2,2.7,2.7,2000,8,-0.10000000000000053,0
2000-09-01,3.8,3.5,4.1,13.6,12.3,6.4,3.5,2.8,2.4,2.6,2000,9,-0.2999999999999998,0
2000-10-01,3.6,3.5,3.7,13.3,11.8,6.3,3.4,2.6,2.3,2.5,2000,10,-0.19999999999999973,0
2000-11-01,3.7,3.7,3.8,15.0,11.8,6.3,3.4,2.8,2.3,2.8,2000,11,0.10000000000000009,0
2000-12-01,3.7,4.0,3.4,14.0,10.4,6.4,3.5,2.8,2.4,2.3,2000,12,0.0,0
2001-01-01,4.7,5.0,4.3,18.1,12.4,8.0,4.7,3.5,3.1,3.1,2001,1,1.0,0
2001-02-01,4.6,4.9,4.2,18.3,11.9,8.1,4.3,3.4,3.2,3.0,2001,2,-0.10000000000000053,0
2001-03-01,4.5,4.8,4.2,17.0,12.3,8.2,4.3,3.5,3.0,3.0,2001,3,-0.09999999999999964,0
2001-04-01,4.2,4.4,4.0,17.4,10.8,7.6,4.2,3.0,2.9,2.6,2001,4,-0.2999999999999998,0
2001-05-01,4.1,4.2,4.1,16.0,11.5,8.2,4.0,3.1,2.6,2.3,2001,5,-0.10000000000000053,0
2001-06-01,4.7,4.7,4.8,20.8,14.0,8.4,4.4,3.3,2.7,2.6,2001,6,0.6000000000000005,0
2001-07-01,4.7,4.5,5.0,18.4,11.9,7.9,4.3,3.6,3.0,3.0,2001,7,0.0,0
2001-08-01,4.9,4.6,5.2,15.4,13.1,8.8,4.8,3.7,3.3,3.1,2001,8,0.20000000000000018,0
2001-09-01,4.7,4.5,5.0,14.0,15.3,8.2,4.5,3.8,3.0,3.2,2001,9,-0.20000000000000018,0
2001-10-01,5.0,5.0,5.0,15.4,15.3,8.7,4.8,3.9,3.4,3.2,2001,10,0.2999999999999998,0
2001-11-01,5.3,5.4,5.1,16.8,15.4,8.7,5.4,4.3,3.4,3.4,2001,11,0.2999999999999998,0
2001-12-01,5.4,5.7,5.1,17.4,13.7,8.9,5.8,4.3,3.5,3.8,2001,12,0.10000000000000053,0
2002-01-01,6.3,6.8,5.7,18.9,16.3,10.7,6.7,5.2,4.4,4.0,2002,1,0.8999999999999995,0
2002-02-01,6.1,6.6,5.6,18.2,15.8,10.5,6.3,4.8,4.4,4.2,2002,2,-0.20000000000000018,0
2002-03-01,6.1,6.6,5.5,19.3,15.3,10.9,6.2,4.9,4.1,3.9,2002,3,0.0,0
2002-04-01,5.7,5.9,5.5,20.3,13.6,9.4,6.0,4.6,4.1,3.8,2002,4,-0.39999999999999947,0
2002-05-01,5.5,5.5,5.5,21.2,13.8,9.2,5.6,4.3,3.9,3.6,2002,5,-0.20000000000000018,0
2002-06-01,6.0,6.0,6.1,24.4,16.3,9.5,5.8,4.1,4.3,3.9,2002,6,0.5,0
2002-07-01,5.9,5.7,6.2,20.1,15.1,9.5,5.7,4.5,4.3,3.8,2002,7,-0.09999999999999964,0
2002-08-01,5.7,5.5,5.9,16.5,14.8,9.4,5.9,4.3,3.9,4.0,2002,8,-0.20000000000000018,0
2002-09-01,5.4,5.3,5.4,16.7,15.2,9.2,5.4,4.3,3.6,3.7,2002,9,-0.2999999999999998,0
2002-10-01,5.3,5.3,5.4,13.7,14.9,9.6,5.2,4.5,3.6,3.6,2002,10,-0.10000000000000053,0
2002-11-01,5.6,5.9,5.4,18.8,16.0,9.1,5.7,4.8,3.8,3.6,2002,11,0.2999999999999998,0
2002-12-01,5.7,6.2,5.1,15.7,14.4,9.0,6.0,4.6,4.0,4.2,2002,12,0.10000000000000053,0
2003-01-01,6.5,7.2,5.6,18.7,17.2,10.4,6.9,5.2,4.5,4.7,2003,1,0.7999999999999998,0
2003-02-01,6.4,7.0,5.6,19.2,17.1,10.2,6.3,5.7,4.5,4.2,2003,2,-0.09999999999999964,0
2003-03-01,6.2,6.7,5.6,17.9,17.9,9.6,6.2,5.3,4.7,4.2,2003,3,-0.20000000000000018,0
2003-04-01,5.8,6.3,5.3,19.5,15.7,9.6,5.8,4.8,4.2,4.0,2003,4,-0.40000000000000036,0
2003-05-01,5.8,6.1,5.5,19.3,17.2,10.6,5.7,4.7,3.7,4.0,2003,5,0.0,0
2003-06-01,6.5,6.7,6.4,26.7,19.0,10.7,6.3,5.1,3.8,4.3,2003,6,0.7000000000000002,0
2003-07-01,6.3,6.3,6.3,21.5,16.5,10.2,6.1,5.1,4.1,4.3,2003,7,-0.20000000000000018,0
2003-08-01,6.0,5.9,6.2,16.1,14.6,10.2,6.2,4.9,4.1,4.3,2003,8,-0.2999999999999998,0
2003-09-01,5.8,5.8,5.8,16.6,17.3,10.4,5.9,4.6,3.9,3.8,2003,9,-0.20000000000000018,0
2003-10-01,5.6,5.6,5.5,17.9,15.3,9.5,5.8,4.7,3.7,3.5,2003,10,-0.20000000000000018,0
2003-11-01,5.6,6.0,5.2,16.4,15.0,9.8,5.8,4.7,3.8,3.8,2003,11,0.0,0
2003-12-01,5.4,5.8,5.0,16.2,13.1,8.8,5.8,4.6,3.8,3.8,2003,12,-0.1999999999999993,0
2004-01-01,6.3,6.7,5.8,18.4,16.9,10.7,6.6,5.0,4.5,4.1,2004,1,0.8999999999999995,0
2004-02-01,6.0,6.4,5.5,17.9,16.6,10.1,6.2,4.9,4.3,4.1,2004,2,-0.2999999999999998,0
2004-03-01,6.0,6.4,5.6,20.4,14.7,10.1,6.2,5.2,4.3,4.0,2004,3,0.0,0
2004-04-01,5.4,5.6,5.1,21.1,13.3,8.7,5.4,4.3,4.0,3.6,2004,4,-0.5999999999999996,0
2004-05-01,5.3,5.5,5.1,22.7,14.2,9.9,5.2,3.9,3.6,3.6,2004,5,-0.10000000000000053,0
2004-06-01,5.8,5.6,6.0,26.7,15.5,10.1,5.1,4.4,3.8,3.9,2004,6,0.5,0
2004-07-01,5.7,5.4,6.1,21.8,15.8,9.1,5.6,4.4,3.8,3.7,2004,7,-0.09999999999999964,0
2004-08-01,5.4,5.2,5.6,18.0,13.9,8.9,5.3,4.3,3.6,3.8,2004,8,-0.2999999999999998,0
2004-09-01,5.1,5.0,5.2,16.8,15.7,9.5,4.9,4.2,3.3,3.5,2004,9,-0.3000000000000007,0
2004-10-01,5.1,5.1,5.1,18.3,15.2,9.4,5.1,3.9,3.3,3.5,2004,10,0.0,0
2004-11-01,5.2,5.3,5.0,20.2,13.7,8.7,5.4,3.9,3.5,3.6,2004,11,0.10000000000000053,0
2004-12-01,5.1,5.5,4.7,18.1,14.0,8.1,5.6,3.9,3.8,3.4,2004,12,-0.10000000000000053,0
2005-01-01,5.7,6.2,5.2,18.8,15.2,10.5,5.8,4.5,4.0,3.9,2005,1,0.6000000000000005,0
2005-02-01,5.8,6.3,5.2,20.4,16.8,10.7,5.6,4.6,4.0,3.9,2005,2,0.09999999999999964,0
2005-03-01,5.4,5.8,4.9,19.8,15.3,9.3,5.7,4.2,3.7,3.6,2005,3,-0.39999999999999947,0
2005-04-01,4.9,5.0,4.9,20.2,15.8,8.3,5.1,3.8,3.3,3.4,2005,4,-0.5,0
2005-05-01,4.9,4.8,5.0,21.5,16.3,9.0,4.7,3.6,3.3,3.0,2005,5,0.0,0
2005-06-01,5.2,5.0,5.5,23.4,16.2,9.1,5.2,3.7,3.3,3.1,2005,6,0.2999999999999998,0
2005-07-01,5.2,4.8,5.7,19.9,14.0,8.0,5.2,3.8,3.7,3.5,2005,7,0.0,0
2005-08-01,4.9,4.6,5.2,16.0,14.3,8.6,5.0,3.7,3.2,3.3,2005,8,-0.2999999999999998,0
2005-09-01,4.8,4.6,5.1,16.2,14.5,8.7,5.1,3.5,3.3,3.4,2005,9,-0.10000000000000053,0
2005-10-01,4.6,4.4,5.0,17.0,14.1,8.1,4.5,3.7,3.3,3.0,2005,10,-0.20000000000000018,0
2005-11-01,4.8,4.8,4.9,20.6,14.2,7.9,4.9,3.8,3.4,3.0,2005,11,0.20000000000000018,0
2005-12-01,4.6,4.8,4.4,15.1,11.8,7.8,4.9,3.7,3.4,3.1,2005,12,-0.20000000000000018,0
2006-01-01,5.1,5.3,4.9,15.7,15.3,9.1,5.2,4.1,3.6,3.5,2006,1,0.5,0
2006-02-01,5.1,5.5,4.7,17.8,14.8,9.1,5.6,3.9,3.6,3.1,2006,2,0.0,0
2006-03-01,4.8,5.1,4.5,19.0,13.8,7.8,5.2,4.1,3.4,2.8,2006,3,-0.2999999999999998,0
2006-04-01,4.5,4.6,4.4,15.7,13.4,7.7,4.8,3.7,3.2,2.9,2006,4,-0.2999999999999998,0
2006-05-01,4.4,4.5,4.3,16.2,13.3,8.3,4.5,3.2,3.1,2.8,2006,5,-0.09999999999999964,0
2006-06-01,4.8,4.6,5.0,22.3,15.5,8.2,4.6,3.3,3.0,3.0,2006,6,0.39999999999999947,0
2006-07-01,5.0,4.6,5.3,18.3,14.5,8.3,4.8,3.6,3.3,3.3,2006,7,0.20000000000000018,0
2006-08-01,4.6,4.4,5.0,16.8,13.8,8.1,4.3,3.8,3.2,2.9,2006,8,-0.40000000000000036,0
2006-09-01,4.4,4.0,4.8,15.7,16.1,8.0,4.4,3.3,2.8,2.8,2006,9,-0.1999999999999993,0
2006-10-01,4.1,4.0,4.3,16.2,13.1,8.2,4.3,2.7,2.5,2.8,2006,10,-0.3000000000000007,0
2006-11-01,4.3,4.3,4.4,16.8,13.1,8.0,4.2,3.4,2.7,2.9,2006,11,0.20000000000000018,0
2006-12-01,4.3,4.5,4.0,14.5,12.1,7.2,4.2,3.7,2.9,2.9,2006,12,0.0,0
2007-01-01,5.0,5.4,4.6,15.9,14.6,9.0,5.4,3.8,3.4,3.7,2007,1,0.7000000000000002,0
2007-02-01,4.9,5.4,4.2,17.0,14.7,8.0,5.3,3.6,3.6,3.3,2007,2,-0.09999999999999964,0
2007-03-01,4.5,5.0,4.1,16.6,13.3,7.6,4.7,3.5,3.3,3.3,2007,3,-0.40000000000000036,0
2007-04-01,4.3,4.5,4.1,16.2,14.5,7.3,4.3,3.3,3.1,2.9,2007,4,-0.20000000000000018,0
2007-05-01,4.3,4.4,4.1,17.8,15.4,7.4,4.2,3.0,2.9,2.9,2007,5,0.0,0
2007-06-01,4.7,4.7,4.8,21.7,16.9,8.4,4.5,3.2,2.9,3.0,2007,6,0.40000000000000036,0
2007-07-01,4.9,4.6,5.2,17.8,13.9,8.2,4.7,3.8,3.3,3.4,2007,7,0.20000000000000018,0
2007-08-01,4.6,4.3,5.0,16.5,13.9,8.3,4.5,3.6,3.1,3.2,2007,8,-0.3000000000000007,0
2007-09-01,4.5,4.4,4.6,16.8,15.1,8.9,4.6,3.2,2.9,3.0,2007,9,-0.09999999999999964,0
2007-10-01,4.4,4.4,4.4,15.9,13.9,8.4,4.4,3.3,3.1,2.9,2007,10,-0.09999999999999964,0
2007-11-01,4.5,4.5,4.5,19.0,14.1,7.7,4.5,3.5,3.2,2.9,2007,11,0.09999999999999964,0
2007-12-01,4.8,5.1,4.4,17.4,13.8,8.7,4.8,3.7,3.6,3.1,2007,12,0.2999999999999998,0
2008-01-01,5.4,5.9,4.8,20.0,17.2,9.8,5.6,4.0,3.8,3.6,2008,1,0.6000000000000005,0
2008-02-01,5.2,5.7,4.6,18.5,16.5,9.5,5.3,3.9,3.9,3.5,2008,2,-0.20000000000000018,0
2008-03-01,5.2,5.7,4.7,18.8,13.6,9.2,5.7,4.1,3.7,3.6,2008,3,0.0,0
2008-04-01,4.8,5.0,4.4,19.4,12.5,8.2,4.9,3.8,3.6,2.9,2008,4,-0.40000000000000036,0
2008-05-01,5.2,5.4,5.1,22.5,17.7,10.5,5.0,3.9,3.5,3.0,2008,5,0.40000000000000036,0
2008-06-01,5.7,5.8,5.7,29.8,16.9,10.6,5.4,4.2,3.7,3.3,2008,6,0.5,0
2008-07-01,6.0,6.1,6.0,26.3,17.6,10.2,5.7,4.7,3.9,3.9,2008,7,0.2999999999999998,0
2008-08-01,6.1,5.8,6.4,19.8,16.6,10.6,6.0,5.1,4.2,4.2,2008,8,0.09999999999999964,0
2008-09-01,6.0,6.2,5.6,19.3,18.9,10.9,5.9,4.9,4.0,4.0,2008,9,-0.09999999999999964,0
2008-10-01,6.1,6.5,5.7,21.3,18.1,10.5,6.3,5.1,4.2,4.3,2008,10,0.09999999999999964,0
2008-11-01,6.5,6.9,5.9,24.0,17.9,10.4,6.7,5.3,4.8,4.6,2008,11,0.40000000000000036,0
2008-12-01,7.1,8.1,6.0,21.5,17.5,11.6,7.5,6.0,5.7,4.9,2008,12,0.5999999999999996,0
2009-01-01,8.5,9.7,7.0,20.8,21.7,13.5,9.2,7.4,6.7,5.9,2009,1,1.4000000000000004,1
2009-02-01,8.9,10.4,7.2,22.8,22.7,13.8,9.8,7.5,7.2,6.1,2009,2,0.40000000000000036,0
2009-03-01,9.0,10.6,7.3,23.6,20.4,13.9,10.0,7.8,7.2,6.6,2009,3,0.09999999999999964,0
2009-04-01,8.6,9.9,7.1,21.8,20.4,13.7,9.6,7.5,6.6,6.2,2009,4,-0.40000000000000036,0
2009-05-01,9.1,10.2,7.7,24.2,23.3,15.5,10.1,7.5,6.5,6.3,2009,5,0.5,0
2009-06-01,9.7,10.4,8.9,32.1,25.4,16.0,9.8,7.7,7.0,6.8,2009,6,0.5999999999999996,0
2009-07-01,9.7,10.2,9.2,27.5,23.2,15.4,10.1,7.9,7.4,7.2,2009,7,0.0,0
2009-08-01,9.6,10.1,8.9,24.1,24.3,15.2,10.1,8.1,7.5,6.9,2009,8,-0.09999999999999964,0
2009-09-01,9.5,10.2,8.6,26.2,25.7,15.1,10.1,8.3,7.4,6.5,2009,9,-0.09999999999999964,0
2009-10-01,9.5,10.3,8.5,28.5,25.5,15.3,10.1,8.5,7.1,6.6,2009,10,0.0,0
2009-11-01,9.4,10.4,8.2,29.5,25.2,14.8,9.7,8.3,7.3,6.8,2009,11,-0.09999999999999964,0
2009-12-01,9.7,11.1,8.1,27.4,23.5,14.7,9.9,8.8,8.0,7.0,2009,12,0.29999999999999893,0
2010-01-01,10.6,12.3,8.5,26.8,26.9,17.1,11.0,9.4,8.5,7.5,2010,1,0.9000000000000004,0
2010-02-01,10.4,12.2,8.5,27.4,25.0,16.6,10.8,9.5,8.4,7.6,2010,2,-0.1999999999999993,0
2010-03-01,10.2,11.8,8.3,29.2,23.6,15.8,10.9,9.1,8.4,7.2,2010,3,-0.20000000000000107,0
2010-04-01,9.5,10.6,8.2,27.3,22.3,16.4,10.0,7.9,7.7,6.7,2010,4,-0.6999999999999993,0
2010-05-01,9.3,10.1,8.5,30.2,25.0,15.2,10.3,7.4,7.2,6.6,2010,5,-0.1999999999999993,0
2010-06-01,9.6,10.3,8.8,35.8,25.2,16.1,10.1,7.4,7.2,6.7,2010,6,0.29999999999999893,0
2010-07-01,9.7,10.0,9.4,32.2,23.5,15.7,9.8,7.9,7.4,7.3,2010,7,0.09999999999999964,0
2010-08-01,9.5,9.8,9.3,28.7,23.1,14.7,9.5,7.6,8.0,7.5,2010,8,-0.1999999999999993,0
2010-09-01,9.2,9.6,8.7,28.5,24.3,14.6,9.5,8.1,7.1,6.9,2010,9,-0.3000000000000007,0
2010-10-01,9.0,9.4,8.6,29.5,25.3,14.8,9.3,7.4,7.1,6.8,2010,10,-0.1999999999999993,0
2010-11-01,9.3,9.9,8.6,25.3,23.8,14.8,9.8,7.5,7.8,7.0,2010,11,0.3000000000000007,0
2010-12-01,9.1,10.2,8.0,25.0,22.7,14.2,9.8,7.8,7.6,6.7,2010,12,-0.20000000000000107,0
2011-01-01,9.8,10.8,8.6,26.5,26.3,16.3,10.1,8.1,7.9,7.3,2011,1,0.7000000000000011,0
2011-02-01,9.5,10.5,8.4,27.9,22.4,16.1,10.1,8.0,7.7,6.8,2011,2,-0.3000000000000007,0
2011-03-01,9.2,10.2,8.0,28.6,21.4,15.0,9.8,7.6,7.6,6.7,2011,3,-0.3000000000000007,0
2011-04-01,8.7,9.3,7.9,29.5,20.2,14.2,9.4,7.1,7.0,6.2,2011,4,-0.5,0
2011-05-01,8.7,9.2,8.3,29.5,21.5,15.2,9.2,7.1,6.8,6.3,2011,5,0.0,0
2011-06-01,9.3,9.6,9.1,34.1,24.1,15.2,9.5,7.4,7.0,6.8,2011,6,0.6000000000000014,0
2011-07-01,9.3,9.2,9.4,30.5,22.9,14.7,9.7,7.1,7.2,7.3,2011,7,0.0,0
2011-08-01,9.1,9.0,9.2,26.9,23.5,14.5,9.2,7.6,7.1,6.8,2011,8,-0.20000000000000107,0
2011-09-01,8.8,8.8,8.8,24.8,24.3,14.3,9.3,7.3,6.8,6.5,2011,9,-0.29999999999999893,0
2011-10-01,8.5,8.7,8.3,23.6,24.0,13.4,9.3,6.8,6.5,6.6,2011,10,-0.3000000000000007,0
2011-11-01,8.2,8.4,7.9,22.6,23.8,13.2,8.7,6.7,6.4,6.2,2011,11,-0.3000000000000007,0
2011-12-01,8.3,8.8,7.7,25.5,19.6,13.4,9.2,6.9,6.6,6.0,2011,12,0.10000000000000142,0
2012-01-01,8.8,9.3,8.3,28.1,22.4,14.2,9.6,7.5,6.9,6.4,2012,1,0.5,0
2012-02-01,8.7,9.3,8.1,29.4,21.1,14.6,9.2,7.3,7.0,6.2,2012,2,-0.10000000000000142,0
2012-03-01,8.4,8.9,7.7,28.5,22.0,13.1,9.0,6.8,6.6,6.4,2012,3,-0.29999999999999893,0
2012-04-01,7.7,8.0,7.4,24.8,22.5,12.6,7.9,6.3,6.0,6.0,2012,4,-0.7000000000000002,0
2012-05-01,7.9,8.1,7.7,27.0,23.1,13.3,8.0,6.4,6.0,6.1,2012,5,0.20000000000000018,0
2012-06-01,8.4,8.4,8.4,32.8,23.0,14.4,8.2,6.7,6.1,6.0,2012,6,0.5,0
2012-07-01,8.6,8.2,9.0,29.0,21.9,13.7,8.3,6.8,6.6,6.5,2012,7,0.1999999999999993,0
2012-08-01,8.2,8.0,8.4,27.5,22.1,13.9,8.1,6.6,6.4,6.0,2012,8,-0.40000000000000036,0
2012-09-01,7.6,7.6,7.6,23.4,24.0,12.1,7.9,6.2,5.8,5.7,2012,9,-0.5999999999999996,0
2012-10-01,7.5,7.5,7.6,23.1,23.7,12.7,8.0,5.9,5.6,5.6,2012,10,-0.09999999999999964,0
2012-11-01,7.4,7.5,7.2,28.4,20.5,11.8,7.4,6.0,5.8,5.6,2012,11,-0.09999999999999964,0
2012-12-01,7.6,7.9,7.3,23.5,21.2,12.8,7.7,6.7,5.9,5.7,2012,12,0.1999999999999993,0
2013-01-01,8.5,9.0,7.9,28.2,22.2,15.3,8.3,7.1,6.5,6.5,2013,1,0.9000000000000004,0
2013-02-01,8.1,8.5,7.6,28.6,23.3,13.7,8.2,6.7,6.0,6.1,2013,2,-0.40000000000000036,0
2013-03-01,7.6,8.0,7.2,27.6,21.1,13.3,7.7,6.3,5.9,5.7,2013,3,-0.5,0
2013-04-01,7.1,7.5,6.7,26.1,20.6,12.5,7.1,5.6,5.7,5.2,2013,4,-0.5,0
2013-05-01,7.3,7.6,6.8,28.3,22.2,13.5,6.9,5.8,5.6,5.0,2013,5,0.20000000000000018,0
2013-06-01,7.8,7.8,7.8,32.3,23.4,14.3,7.6,5.7,5.5,5.2,2013,6,0.5,0
2013-07-01,7.7,7.6,7.8,32.1,19.4,12.7,7.6,6.0,5.8,5.3,2013,7,-0.09999999999999964,0
2013-08-01,7.3,7.4,7.3,24.3,21.2,13.0,7.6,5.6,5.5,5.2,2013,8,-0.40000000000000036,0
2013-09-01,7.0,7.3,6.7,22.4,20.6,12.5,7.2,5.4,5.3,5.2,2013,9,-0.2999999999999998,0
2013-10-01,7.0,7.1,6.8,21.3,22.0,11.8,7.0,5.4,5.5,5.2,2013,10,0.0,0
2013-11-01,6.6,6.9,6.3,21.9,18.9,10.7,7.1,5.4,5.3,4.7,2013,11,-0.40000000000000036,0
2013-12-01,6.5,6.8,6.1,21.0,16.9,10.2,6.8,5.4,5.1,5.0,2013,12,-0.09999999999999964,0
2014-01-01,7.0,7.5,6.5,21.1,21.0,12.9,7.3,5.5,5.5,4.9,2014,1,0.5,0
2014-02-01,7.0,7.6,6.3,21.3,21.5,12.7,7.5,5.5,5.5,4.8,2014,2,0.0,0
2014-03-01,6.8,7.1,6.4,20.0,20.3,12.4,7.0,5.4,5.1,4.9,2014,3,-0.20000000000000018,0
2014-04-01,5.9,6.1,5.6,21.0,16.2,10.0,6.3,4.6,4.4,4.4,2014,4,-0.8999999999999995,0
2014-05-01,6.1,6.2,5.9,23.9,17.1,11.3,6.3,4.8,4.3,4.3,2014,5,0.1999999999999993,0
2014-06-01,6.3,6.3,6.3,29.7,20.7,11.3,6.4,4.4,4.0,4.4,2014,6,0.20000000000000018,0
2014-07-01,6.5,6.2,6.9,25.9,18.2,11.4,6.7,4.9,4.3,4.8,2014,7,0.20000000000000018,0
2014-08-01,6.3,6.0,6.6,22.3,17.3,10.7,6.9,4.8,4.3,4.6,2014,8,-0.20000000000000018,0
2014-09-01,5.7,5.5,6.0,17.9,21.0,11.4,6.1,4.3,3.9,3.8,2014,9,-0.5999999999999996,0
2014-10-01,5.5,5.3,5.8,19.9,17.3,10.1,6.1,4.2,3.8,3.9,2014,10,-0.20000000000000018,0
2014-11-01,5.5,5.6,5.4,16.2,16.9,9.9,5.8,4.2,4.0,4.3,2014,11,0.0,0
2014-12-01,5.4,5.7,4.9,16.2,14.1,9.9,5.7,4.3,4.0,3.8,2014,12,-0.09999999999999964,0
2015-01-01,6.1,6.5,5.6,19.1,19.3,10.6,6.4,4.9,4.5,4.5,2015,1,0.6999999999999993,0
2015-02-01,5.8,6.3,5.3,17.6,16.8,10.5,5.8,4.8,4.2,4.5,2015,2,-0.2999999999999998,0
2015-03-01,5.6,6.0,5.1,17.3,16.8,10.6,5.9,4.3,3.9,4.0,2015,3,-0.20000000000000018,0
2015-04-01,5.1,5.2,4.9,19.1,13.8,8.9,5.4,4.1,3.7,3.8,2015,4,-0.5,0
2015-05-01,5.3,5.4,5.2,20.0,16.7,10.3,5.5,4.2,3.7,3.5,2015,5,0.20000000000000018,0
2015-06-01,5.5,5.4,5.5,23.9,19.9,10.5,5.5,3.8,3.3,3.6,2015,6,0.20000000000000018,0
2015-07-01,5.6,5.2,6.0,19.9,15.3,10.2,5.6,4.2,3.9,3.9,2015,7,0.09999999999999964,0
2015-08-01,5.2,4.9,5.5,18.2,15.5,8.8,5.3,3.9,3.9,3.9,2015,8,-0.39999999999999947,0
2015-09-01,4.9,4.8,5.0,15.1,16.8,9.1,4.9,3.9,3.2,3.8,2015,9,-0.2999999999999998,0
2015-10-01,4.8,4.8,4.9,16.2,14.9,9.0,5.2,3.9,3.4,3.2,2015,10,-0.10000000000000053,0
2015-11-01,4.8,4.9,4.7,15.4,14.6,8.9,5.3,3.7,3.2,3.6,2015,11,0.0,0
2015-12-01,4.8,5.1,4.4,15.0,13.7,8.7,5.2,4.0,3.6,3.1,2015,12,0.0,0
2016-01-01,5.3,5.5,5.1,17.4,16.0,8.8,5.5,4.4,3.9,4.0,2016,1,0.5,0
2016-02-01,5.2,5.5,4.8,18.5,14.0,9.1,5.4,4.1,3.8,4.0,2016,2,-0.09999999999999964,0
2016-03-01,5.1,5.3,4.9,18.9,13.7,8.6,5.3,4.0,3.8,4.1,2016,3,-0.10000000000000053,0
2016-04-01,4.7,4.8,4.6,19.4,12.0,8.2,4.9,3.8,3.4,3.5,2016,4,-0.39999999999999947,0
2016-05-01,4.5,4.6,4.5,19.4,14.5,8.4,4.8,3.3,3.2,3.1,2016,5,-0.20000000000000018,0
2016-06-01,5.1,5.0,5.2,22.2,17.3,9.2,5.2,3.6,3.3,3.5,2016,6,0.5999999999999996,0
2016-07-01,5.1,5.0,5.3,17.5,15.6,9.2,5.2,3.6,3.6,3.9,2016,7,0.0,0
2016-08-01,5.0,4.7,5.3,16.1,15.0,7.8,5.3,4.1,3.8,3.7,2016,8,-0.09999999999999964,0
2016-09-01,4.8,4.8,4.8,14.9,16.4,8.1,5.0,4.0,3.4,3.5,2016,9,-0.20000000000000018,0
2016-10-01,4.7,4.7,4.6,18.2,13.4,8.2,5.0,3.7,3.2,3.5,2016,10,-0.09999999999999964,0
2016-11-01,4.4,4.6,4.3,16.2,13.7,7.4,4.7,3.4,3.3,3.4,2016,11,-0.2999999999999998,0
2016-12-01,4.5,4.8,4.1,15.0,11.5,7.6,4.6,4.0,3.3,3.5,2016,12,0.09999999999999964,0
2017-01-01,5.1,5.4,4.9,15.2,15.5,9.0,5.4,4.4,3.6,3.8,2017,1,0.5999999999999996,0
2017-02-01,4.9,5.3,4.6,17.4,13.5,8.4,5.1,4.5,3.5,3.7,2017,2,-0.1999999999999993,0
2017-03-01,4.6,4.9,4.1,17.1,10.8,7.3,4.7,4.1,3.4,3.5,2017,3,-0.3000000000000007,0
2017-04-01,4.1,4.1,4.1,17.3,11.1,6.7,4.1,3.4,3.2,3.0,2017,4,-0.5,0
2017-05-01,4.1,4.0,4.2,13.7,14.6,6.6,4.6,3.1,3.0,2.8,2017,5,0.0,0
2017-06-01,4.5,4.4,4.7,17.7,14.9,8.0,4.3,3.2,3.4,3.1,2017,6,0.40000000000000036,0
2017-07-01,4.6,4.3,4.9,17.2,11.4,7.8,4.7,3.6,3.3,3.4,2017,7,0.09999999999999964,0
2017-08-01,4.5,4.3,4.8,14.1,13.2,6.9,5.0,3.4,3.7,3.3,2017,8,-0.09999999999999964,0
2017-09-01,4.1,4.0,4.2,11.3,13.7,7.5,4.2,3.1,2.9,3.1,2017,9,-0.40000000000000036,0
2017-10-01,3.9,3.9,3.8,13.8,13.2,7.0,4.3,2.9,2.5,2.9,2017,10,-0.19999999999999973,0
2017-11-01,3.9,4.0,3.8,17.9,14.2,6.6,4.1,2.9,2.5,3.0,2017,11,0.0,0
2017-12-01,3.9,4.2,3.7,12.9,11.3,6.7,4.3,3.0,2.7,3.2,2017,12,0.0,0
2018-01-01,4.5,4.8,4.2,14.6,14.5,8.2,4.7,3.5,3.3,3.3,2018,1,0.6000000000000001,0
2018-02-01,4.4,4.6,4.1,15.8,14.0,7.2,4.6,3.4,3.1,3.5,2018,2,-0.09999999999999964,0
2018-03-01,4.1,4.4,3.8,15.0,11.5,6.5,4.3,3.4,3.1,3.3,2018,3,-0.3000000000000007,0
2018-04-01,3.7,3.9,3.4,14.3,10.3,6.1,4.1,2.8,2.7,2.8,2018,4,-0.39999999999999947,0
2018-05-01,3.6,3.7,3.4,15.0,11.8,7.0,3.6,2.6,2.5,2.5,2018,5,-0.10000000000000009,0
2018-06-01,4.2,4.1,4.2,17.8,13.2,8.1,3.9,2.9,3.0,3.0,2018,6,0.6000000000000001,0
2018-07-01,4.1,3.8,4.5,14.6,12.8,7.3,3.6,3.1,3.1,3.3,2018,7,-0.10000000000000053,0
2018-08-01,3.9,3.7,4.3,12.4,12.3,6.5,4.3,2.9,2.7,3.2,2018,8,-0.19999999999999973,0
2018-09-01,3.6,3.5,3.6,11.4,12.9,6.9,3.3,2.8,2.5,2.8,2018,9,-0.2999999999999998,0
2018-10-01,3.5,3.5,3.6,9.3,13.0,6.6,3.6,2.8,2.5,2.6,2018,10,-0.10000000000000009,0
2018-11-01,3.5,3.4,3.5,12.8,11.4,6.0,3.5,2.7,2.4,2.8,2018,11,0.0,0
2018-12-01,3.7,4.0,3.4,12.0,10.4,6.8,3.9,2.8,2.9,2.8,2018,12,0.20000000000000018,0
2019-01-01,4.4,4.7,4.1,14.6,13.3,8.6,4.4,3.3,3.3,3.5,2019,1,0.7000000000000002,0
2019-02-01,4.1,4.4,3.8,17.0,12.5,7.5,4.4,2.9,3.1,2.9,2019,2,-0.3000000000000007,0
2019-03-01,3.9,4.3,3.5,12.9,11.8,7.1,4.1,3.0,3.1,2.8,2019,3,-0.19999999999999973,0
2019-04-01,3.3,3.6,3.1,14.3,10.6,5.8,3.6,2.5,2.4,2.4,2019,4,-0.6000000000000001,0
2019-05-01,3.4,3.4,3.3,14.4,12.0,7.0,3.2,2.4,2.3,2.5,2019,5,0.10000000000000009,0
2019-06-01,3.8,3.7,4.0,18.4,13.1,6.8,3.5,2.7,2.7,2.9,2019,6,0.3999999999999999,0
2019-07-01,4.0,3.7,4.3,17.1,11.2,7.1,3.8,2.9,2.9,2.9,2019,7,0.20000000000000018,0
2019-08-01,3.8,3.5,4.1,11.7,12.3,6.8,3.8,2.8,3.0,2.7,2019,8,-0.20000000000000018,0
2019-09-01,3.3,3.3,3.4,10.5,13.1,6.2,3.3,2.5,2.6,2.3,2019,9,-0.5,0
2019-10-01,3.3,3.3,3.3,12.3,11.3,6.0,3.6,2.5,2.3,2.4,2019,10,0.0,0
2019-11-01,3.3,3.3,3.3,12.0,11.4,5.9,3.4,2.6,2.3,2.5,2019,11,0.0,0
2019-12-01,3.4,3.5,3.2,11.9,10.4,6.0,3.5,2.8,2.5,2.3,2019,12,0.10000000000000009,0
2020-01-01,4.0,4.2,3.7,11.2,14.1,7.6,4.2,3.1,2.7,2.9,2020,1,0.6000000000000001,0
2020-02-01,3.8,4.1,3.4,9.9,12.3,6.7,4.0,3.0,2.8,2.8,2020,2,-0.20000000000000018,0
2020-03-01,4.5,4.8,4.2,16.5,12.2,8.6,4.5,3.6,3.4,3.5,2020,3,0.7000000000000002,0
2020-04-01,14.4,13.3,15.7,30.1,33.3,25.0,14.3,11.3,12.1,13.4,2020,4,9.9,1
2020-05-01,13.0,11.9,14.3,31.9,30.1,23.2,13.1,9.8,10.4,11.5,2020,5,-1.4000000000000004,0
2020-06-01,11.2,10.5,12.0,27.2,22.9,20.1,11.7,8.9,8.3,9.7,2020,6,-1.8000000000000007,0
2020-07-01,10.5,9.7,11.3,19.6,18.8,18.2,11.5,8.2,8.0,9.0,2020,7,-0.6999999999999993,0
2020-08-01,8.5,8.0,9.1,13.3,17.4,13.7,9.8,6.5,6.4,7.8,2020,8,-2.0,0
2020-09-01,7.7,7.3,8.0,14.8,16.8,12.4,8.4,6.1,6.2,6.6,2020,9,-0.7999999999999998,0
2020-10-01,6.6,6.6,6.5,11.6,14.0,10.5,7.1,5.6,5.7,5.2,2020,10,-1.1000000000000005,0
2020-11-01,6.4,6.6,6.1,13.9,12.8,9.9,6.7,5.4,5.2,5.7,2020,11,-0.1999999999999993,0
2020-12-01,6.5,6.7,6.3,11.8,15.3,10.6,6.4,5.5,5.3,5.8,2020,12,0.09999999999999964,0
2021-01-01,6.8,7.1,6.5,15.2,15.9,10.8,7.2,6.1,5.2,5.6,2021,1,0.2999999999999998,0
2021-02-01,6.6,7.0,6.1,14.5,14.0,10.0,6.7,6.0,5.2,5.6,2021,2,-0.20000000000000018,0
2021-03-01,6.2,6.5,5.8,12.0,12.7,10.4,7.0,5.4,4.7,4.8,2021,3,-0.39999999999999947,0
2021-04-01,5.7,6.0,5.4,10.5,10.9,9.8,6.2,4.7,4.7,4.8,2021,4,-0.5,0
2021-05-01,5.5,5.7,5.2,9.2,9.7,10.3,5.5,4.7,4.5,4.6,2021,5,-0.20000000000000018,0
2021-06-01,6.1,6.1,6.1,15.0,12.3,9.9,6.5,5.2,4.6,5.0,2021,6,0.5999999999999996,0
2021-07-01,5.7,5.5,5.8,12.8,9.9,9.5,6.3,4.8,4.0,4.6,2021,7,-0.39999999999999947,0
2021-08-01,5.3,5.1,5.5,10.7,11.0,9.1,5.8,4.4,4.2,4.1,2021,8,-0.40000000000000036,0
2021-09-01,4.6,4.6,4.5,9.2,12.6,7.7,5.0,3.8,3.7,3.3,2021,9,-0.7000000000000002,0
2021-10-01,4.3,4.2,4.4,8.6,12.7,6.8,4.5,3.6,3.5,3.3,2021,10,-0.2999999999999998,0
2021-11-01,3.9,3.9,3.9,9.7,11.0,6.6,3.8,3.6,2.8,3.1,2021,11,-0.3999999999999999,0
